"STATION","DATE","LATITUDE","LONGITUDE","ELEVATION","NAME","TEMP","TEMP_ATTRIBUTES","DEWP","DEWP_ATTRIBUTES","SLP","SLP_ATTRIBUTES","STP","STP_ATTRIBUTES","VISIB","VISIB_ATTRIBUTES","WDSP","WDSP_ATTRIBUTES","MXSPD","GUST","MAX","MAX_ATTRIBUTES","MIN","MIN_ATTRIBUTES","PRCP","PRCP_ATTRIBUTES","SNDP","FRSHTT"
"71115099999","2017-01-01","50.2166666","-119.1833333","482.0","VERNON AUTO, CA","  21.4","24","  20.2","21","1010.5","24","950.6","24","999.9"," 0","  2.1","24","  5.1","999.9","  24.4","*","  18.9","*"," 0.19","G","999.9","000000"
"71115099999","2017-01-02","50.2166666","-119.1833333","482.0","VERNON AUTO, CA","   9.3","24","   6.3","24","1021.6","24","959.9","24","999.9"," 0","  4.3","24","  7.0","999.9","  25.7"," ","  -0.0"," "," 0.01","G","999.9","000000"
"71115099999","2017-01-03","50.2166666","-119.1833333","482.0","VERNON AUTO, CA","   0.8","24","  -2.9","24","1034.4","24","970.8","24","999.9"," 0","  3.8","24","  6.0","999.9","  14.7"," ","  -4.5"," "," 0.00","G","999.9","000000"
"71115099999","2017-01-04","50.2166666","-119.1833333","482.0","VERNON AUTO, CA","   1.6","24","  -2.4","24","1038.8","24","975.1","24","999.9"," 0","  1.5","24","  4.1","999.9","  11.7"," ","  -5.8"," "," 0.00","G","999.9","000000"
"71115099999","2017-01-05","50.2166666","-119.1833333","482.0","VERNON AUTO, CA","   4.5","24","   0.3","24","1034.3","24","971.1","24","999.9"," 0","  3.9","24","  8.9","999.9","  12.7","*","  -1.1","*"," 0.02","G","999.9","000000"
"71115099999","2017-01-06","50.2166666","-119.1833333","482.0","VERNON AUTO, CA","  10.4","24","   7.3","24","1023.6","24","961.8","24","999.9"," 0","  2.2","24","  5.1","999.9","  17.2","*","   3.4","*"," 0.02","G","999.9","000000"
"71115099999","2017-01-07","50.2166666","-119.1833333","482.0","VERNON AUTO, CA","  10.7","24","   7.8","24","1024.9","24","963.1","24","999.9"," 0","  2.0","24","  4.1","999.9","  17.8"," ","   4.6"," "," 0.00","G","999.9","000000"
"71115099999","2017-01-08","50.2166666","-119.1833333","482.0","VERNON AUTO, CA","  12.9","24","  10.5","24","1021.7","24","960.3","24","999.9"," 0","  2.0","24","  4.1","999.9","  17.6","*","   7.3","*"," 0.00","G","999.9","000000"
"71115099999","2017-01-09","50.2166666","-119.1833333","482.0","VERNON AUTO, CA","  20.4","24","  18.4","24","1004.3","24","944.7","24","999.9"," 0","  1.7","24","  6.0","999.9","  27.5","*","  18.0","*"," 0.37","G","999.9","000000"
"71115099999","2017-01-10","50.2166666","-119.1833333","482.0","VERNON AUTO, CA","  15.9","24","   7.4","24","1014.6","24","954.0","24","999.9"," 0","  2.8","24","  6.0","999.9","  28.6"," ","  13.3"," "," 0.02","G","999.9","000000"
"71115099999","2017-01-11","50.2166666","-119.1833333","482.0","VERNON AUTO, CA","   1.3","24","  -3.8","24","1018.9","24","956.5","24","999.9"," 0","  1.5","24","  2.9","999.9","  16.7"," "," -10.8"," "," 0.00","G","999.9","000000"
"71115099999","2017-01-12","50.2166666","-119.1833333","482.0","VERNON AUTO, CA","  -2.1","24","  -6.5","24","1028.0","24","964.5","24","999.9"," 0","  3.8","24","  8.9","999.9","  12.0"," "," -10.8"," "," 0.00","G","999.9","000000"
"71115099999","2017-01-13","50.2166666","-119.1833333","482.0","VERNON AUTO, CA","   1.6","24","  -2.1","24","1036.3","24","972.6","24","999.9"," 0","  5.4","24","  8.9","999.9","  10.6","*","  -2.9","*"," 0.00","G","999.9","000000"
"71115099999","2017-01-14","50.2166666","-119.1833333","482.0","VERNON AUTO, CA","   5.5","24","   1.9","24","1040.0","24","976.6","24","999.9"," 0","  6.1","24","  8.9","999.9","  13.5","*","   1.6","*"," 0.00","G","999.9","000000"
"71115099999","2017-01-15","50.2166666","-119.1833333","482.0","VERNON AUTO, CA","  13.7","24","   9.5","24","1032.5","24","970.5","24","999.9"," 0","  6.1","24"," 12.0","999.9","  22.1","*","   8.4","*"," 0.00","G","999.9","000000"
"71115099999","2017-01-16","50.2166666","-119.1833333","482.0","VERNON AUTO, CA","  16.3","24","  13.5","24","1030.5","24","968.9","24","999.9"," 0","  3.5","24","  6.0","999.9","  25.7","*","  10.9","*"," 0.00","G","999.9","000000"
"71115099999","2017-01-17","50.2166666","-119.1833333","482.0","VERNON AUTO, CA","  26.0","24","  20.7","24","1017.9","24","958.1","24","999.9"," 0","  1.5","24","  5.1","999.9","  33.4","*","  21.2","*"," 0.00","G","999.9","000000"
"71115099999","2017-01-18","50.2166666","-119.1833333","482.0","VERNON AUTO, CA","  29.8","22","  27.1","22","1004.1","22","945.5","22","999.9"," 0","  1.3","22","  2.9","999.9","  34.9"," ","  22.6"," "," 0.04","G","999.9","000000"
"71115099999","2017-01-19","50.2166666","-119.1833333","482.0","VERNON AUTO, CA","  30.6","24","  29.3","22"," 998.5","24","940.3","24","999.9"," 0","  2.3","24","  6.0","999.9","  39.0","*","  25.3","*"," 0.06","G","999.9","000000"
"71115099999","2017-01-20","50.2166666","-119.1833333","482.0","VERNON AUTO, CA","  31.6","24","  30.8","24"," 998.0","24","939.9","24","999.9"," 0","  2.3","24","  8.0","999.9","  42.1"," ","  24.6"," "," 0.00","G","999.9","000000"
"71115099999","2017-01-21","50.2166666","-119.1833333","482.0","VERNON AUTO, CA","  30.6","24","  28.5","24"," 996.2","24","938.1","24","999.9"," 0","  2.7","24","  8.0","999.9","  36.1","*","  28.2","*"," 0.00","G","999.9","000000"
"71115099999","2017-01-22","50.2166666","-119.1833333","482.0","VERNON AUTO, CA","  32.8","24","  29.3","24","1005.6","24","947.2","24","999.9"," 0","  2.7","24","  8.0","999.9","  38.5","*","  29.1","*"," 0.00","G","999.9","000000"
"71115099999","2017-01-23","50.2166666","-119.1833333","482.0","VERNON AUTO, CA","  32.2","24","  29.6","24","1006.9","24","948.5","24","999.9"," 0","  1.5","24","  4.1","999.9","  39.4"," ","  27.9"," "," 0.00","G","999.9","000000"
"71115099999","2017-01-24","50.2166666","-119.1833333","482.0","VERNON AUTO, CA","  31.0","24","  29.8","24","1016.2","24","957.0","24","999.9"," 0","  1.5","24","  2.9","999.9","  36.0"," ","  26.8"," "," 0.00","G","999.9","000000"
"71115099999","2017-01-25","50.2166666","-119.1833333","482.0","VERNON AUTO, CA","  31.4","24","  30.1","23","1022.6","24","963.1","24","999.9"," 0","  0.9","24","  1.9","999.9","  35.2","*","  29.5","*"," 0.00","G","999.9","000000"
"71115099999","2017-01-26","50.2166666","-119.1833333","482.0","VERNON AUTO, CA","  31.7","24","  29.8","24","1029.5","24","969.7","24","999.9"," 0","  1.1","24","  2.9","999.9","  35.4"," ","  28.9"," "," 0.00","G","999.9","000000"
"71115099999","2017-01-27","50.2166666","-119.1833333","482.0","VERNON AUTO, CA","  32.3","18","  28.1","18","1038.6","18","978.3","18","999.9"," 0","  1.9","18","  5.1","999.9","  36.3"," ","  27.5"," "," 0.00","G","999.9","000000"
"71115099999","2017-01-28","50.2166666","-119.1833333","482.0","VERNON AUTO, CA","  28.2","24","  25.6","24","1040.6","24","979.7","24","999.9"," 0","  2.5","24","  6.0","999.9","  36.9"," ","  25.2"," "," 0.00","G","999.9","000000"
"71115099999","2017-01-29","50.2166666","-119.1833333","482.0","VERNON AUTO, CA","  26.1","24","  22.7","23","1033.3","24","972.7","24","999.9"," 0","  2.8","24","  5.1","999.9","  37.9","*","  19.4","*"," 0.00","G","999.9","000000"
"71115099999","2017-01-30","50.2166666","-119.1833333","482.0","VERNON AUTO, CA","  29.2","24","  24.8","24","1027.6","24","967.5","24","999.9"," 0","  2.6","24","  6.0","999.9","  38.3"," ","  17.1"," "," 0.00","G","999.9","000000"
"71115099999","2017-01-31","50.2166666","-119.1833333","482.0","VERNON AUTO, CA","  19.9","24","  12.6","24","1028.7","24","967.7","24","999.9"," 0","  3.0","24","  6.0","999.9","  37.6"," ","   6.8"," "," 0.01","G","999.9","000000"
"71115099999","2017-02-01","50.2166666","-119.1833333","482.0","VERNON AUTO, CA","  13.4","24","   7.0","24","1035.4","24","973.2","24","999.9"," 0","  4.7","24","  9.9","999.9","  29.1"," ","   5.4"," "," 0.00","G","999.9","000000"
"71115099999","2017-02-02","50.2166666","-119.1833333","482.0","VERNON AUTO, CA","   9.3","24","   4.1","24","1036.4","24","973.7","24","999.9"," 0","  4.5","24","  8.9","999.9","  24.1"," ","   0.3"," "," 0.00","G","999.9","000000"
"71115099999","2017-02-03","50.2166666","-119.1833333","482.0","VERNON AUTO, CA","   8.9","24","   5.7","24","1020.4","24","958.6","24","999.9"," 0","  2.7","24","  8.0","999.9","  19.0"," ","   0.3"," "," 0.00","G","999.9","000000"
"71115099999","2017-02-04","50.2166666","-119.1833333","482.0","VERNON AUTO, CA","  17.0","24","  15.3","23","1010.2","24","949.8","24","999.9"," 0","  0.5","24","  1.9","999.9","  22.5","*","  14.4","*"," 0.50","G","999.9","000000"
"71115099999","2017-02-05","50.2166666","-119.1833333","482.0","VERNON AUTO, CA","  19.2","24","  16.5","23","1008.8","24","948.8","24","999.9"," 0","  1.7","24","  4.1","999.9","  22.8"," ","  13.6"," "," 0.18","G","999.9","000000"
"71115099999","2017-02-06","50.2166666","-119.1833333","482.0","VERNON AUTO, CA","  17.6","24","  13.8","24","1001.6","24","941.9","24","999.9"," 0","  3.1","24","  6.0","999.9","  22.1","*","  15.6","*"," 0.24","G","999.9","000000"
"71115099999","2017-02-07","50.2166666","-119.1833333","482.0","VERNON AUTO, CA","  11.1","24","   6.2","24","1014.1","24","953.0","24","999.9"," 0","  2.9","24","  6.0","999.9","  21.4"," ","  -3.5"," "," 0.04","G","999.9","000000"
"71115099999","2017-02-08","50.2166666","-119.1833333","482.0","VERNON AUTO, CA","   8.1","24","   4.4","24","1023.2","24","961.2","24","999.9"," 0","  1.3","24","  2.9","999.9","  17.6"," ","  -3.5"," "," 0.00","G","999.9","000000"
"71115099999","2017-02-09","50.2166666","-119.1833333","482.0","VERNON AUTO, CA","  15.3","24","  13.4","23","1007.3","24","947.0","24","999.9"," 0","  1.5","24","  7.0","999.9","  23.0","*","  12.2","*"," 0.27","G","999.9","000000"
"71115099999","2017-02-10","50.2166666","-119.1833333","482.0","VERNON AUTO, CA","  25.0","24","  21.9","24","1001.6","24","942.6","24","999.9"," 0","  3.9","24","  8.0","999.9","  38.7","*","  19.0","*"," 0.04","G","999.9","000000"
"71115099999","2017-02-11","50.2166666","-119.1833333","482.0","VERNON AUTO, CA","  32.0","24","  26.5","22","1018.2","24","959.0","24","999.9"," 0","  3.8","24","  8.9","999.9","  39.9"," ","  20.3"," "," 0.02","G","999.9","000000"
"71115099999","2017-02-12","50.2166666","-119.1833333","482.0","VERNON AUTO, CA","  29.1","24","  24.5","24","1032.9","24","972.6","24","999.9"," 0","  4.1","24","  8.0","999.9","  40.3"," ","  20.3"," "," 0.00","G","999.9","000000"
"71115099999","2017-02-13","50.2166666","-119.1833333","482.0","VERNON AUTO, CA","  25.0","24","  21.1","23","1033.7","24","972.9","24","999.9"," 0","  2.8","24","  8.9","999.9","  36.9","*","  15.8","*"," 0.00","G","999.9","000000"
"71115099999","2017-02-14","50.2166666","-119.1833333","482.0","VERNON AUTO, CA","  22.3","24","  19.9","24","1029.0","24","968.2","24","999.9"," 0","  1.6","24","  2.9","999.9","  38.3"," ","  13.8"," "," 0.00","G","999.9","000000"
"71115099999","2017-02-15","50.2166666","-119.1833333","482.0","VERNON AUTO, CA","  32.5","24","  28.8","24","1014.4","24","955.4","24","999.9"," 0","  1.7","24","  4.1","999.9","  43.0","*","  25.9","*"," 0.00","G","999.9","000000"
"71115099999","2017-02-16","50.2166666","-119.1833333","482.0","VERNON AUTO, CA","  36.5","24","  34.9","24"," 998.9","24","941.3","24","999.9"," 0","  1.7","24","  4.1","999.9","  45.7","*","  32.9","*"," 0.08","G","999.9","000000"
"71115099999","2017-02-17","50.2166666","-119.1833333","482.0","VERNON AUTO, CA","  33.1","24","  31.2","21","1003.8","24","945.6","24","999.9"," 0","  1.9","24","  2.9","999.9","  47.7"," ","  25.3"," "," 0.03","G","999.9","000000"
"71115099999","2017-02-18","50.2166666","-119.1833333","482.0","VERNON AUTO, CA","  31.3","24","  29.2","24","1001.7","24","943.4","24","999.9"," 0","  1.5","24","  5.1","999.9","  42.4"," ","  25.3"," "," 0.00","G","999.9","000000"
"71115099999","2017-02-19","50.2166666","-119.1833333","482.0","VERNON AUTO, CA","  33.6","24","  32.9","24"," 997.7","24","939.8","24","999.9"," 0","  0.4","24","  2.9","999.9","  39.4","*","  32.0","*"," 0.25","G","999.9","000000"
"71115099999","2017-02-20","50.2166666","-119.1833333","482.0","VERNON AUTO, CA","  34.0","24","  32.8","23","1002.9","24","944.9","24","999.9"," 0","  4.2","24","  7.0","999.9","  39.4","*","  29.3","*"," 0.00","G","999.9","000000"
"71115099999","2017-02-21","50.2166666","-119.1833333","482.0","VERNON AUTO, CA","  33.4","24","  30.0","24","1007.2","24","948.8","24","999.9"," 0","  2.1","24","  6.0","999.9","  43.0","*","  25.5","*"," 0.00","G","999.9","000000"
"71115099999","2017-02-22","50.2166666","-119.1833333","482.0","VERNON AUTO, CA","  32.6","24","  25.6","24","1017.2","24","958.1","24","999.9"," 0","  1.9","24","  5.1","999.9","  44.8"," ","  24.6"," "," 0.00","G","999.9","000000"
"71115099999","2017-02-23","50.2166666","-119.1833333","482.0","VERNON AUTO, CA","  26.9","24","  21.0","24","1022.4","24","962.5","24","999.9"," 0","  2.9","24","  5.1","999.9","  42.3"," ","  16.2"," "," 0.00","G","999.9","000000"
"71115099999","2017-02-24","50.2166666","-119.1833333","482.0","VERNON AUTO, CA","  30.8","24","  22.5","24","1021.1","24","961.6","24","999.9"," 0","  2.9","24","  6.0","999.9","  39.7"," ","  16.2"," "," 0.00","G","999.9","000000"
"71115099999","2017-02-25","50.2166666","-119.1833333","482.0","VERNON AUTO, CA","  27.4","24","  17.9","24","1021.9","24","962.1","24","999.9"," 0","  1.7","24","  5.1","999.9","  38.1"," ","  14.4"," "," 0.00","G","999.9","000000"
"71115099999","2017-02-26","50.2166666","-119.1833333","482.0","VERNON AUTO, CA","  27.9","24","  23.9","24","1011.5","24","952.3","24","999.9"," 0","  2.3","24","  5.1","999.9","  33.3","*","  25.0","*"," 0.08","G","999.9","000000"
"71115099999","2017-02-27","50.2166666","-119.1833333","482.0","VERNON AUTO, CA","  20.5","24","  15.1","24","1008.5","24","948.7","24","999.9"," 0","  2.8","24","  6.0","999.9","  33.6"," ","  10.0"," "," 0.01","G","999.9","000000"
"71115099999","2017-02-28","50.2166666","-119.1833333","482.0","VERNON AUTO, CA","  20.3","24","  14.1","24","1011.5","24","951.5","24","999.9"," 0","  1.5","24","  2.9","999.9","  32.7","*","  10.2","*"," 0.00","G","999.9","000000"
"71115099999","2017-03-01","50.2166666","-119.1833333","482.0","VERNON AUTO, CA","  29.6","24","  24.0","24","1019.7","24","960.2","24","999.9"," 0","  3.7","24","  8.9","999.9","  34.5","*","  26.8","*"," 0.09","G","999.9","000000"
"71115099999","2017-03-02","50.2166666","-119.1833333","482.0","VERNON AUTO, CA","  32.7","24","  30.6","24","1026.2","24","966.6","24","999.9"," 0","  4.4","24","  7.0","999.9","  37.8","*","  30.9","*"," 0.07","G","999.9","000000"
"71115099999","2017-03-03","50.2166666","-119.1833333","482.0","VERNON AUTO, CA","  37.0","24","  32.1","24","1013.6","24","955.2","24","999.9"," 0","  4.5","24","  9.9","999.9","  46.9","*","  32.7","*"," 0.00","G","999.9","000000"
"71115099999","2017-03-04","50.2166666","-119.1833333","482.0","VERNON AUTO, CA","  35.7","24","  29.7","23","1002.3","24","944.4","24","999.9"," 0","  2.4","24","  6.0","999.9","  48.0"," ","  29.7"," "," 0.17","G","999.9","000000"
"71115099999","2017-03-05","50.2166666","-119.1833333","482.0","VERNON AUTO, CA","  28.7","24","  23.3","24","1001.0","24","942.5","24","999.9"," 0","  3.4","24","  6.0","999.9","  44.1"," ","  24.3"," "," 0.00","G","999.9","000000"
"71115099999","2017-03-06","50.2166666","-119.1833333","482.0","VERNON AUTO, CA","  28.5","24","  23.2","23","1003.5","24","944.9","24","999.9"," 0","  4.0","24","  8.0"," 15.0","  41.5","*","  22.6","*"," 0.11","G","999.9","000000"
"71115099999","2017-03-07","50.2166666","-119.1833333","482.0","VERNON AUTO, CA","  29.6","24","  19.0","24","1014.3","24","955.2","24","999.9"," 0","  3.2","24","  7.0","999.9","  42.3"," ","  21.2"," "," 0.00","G","999.9","000000"
"71115099999","2017-03-08","50.2166666","-119.1833333","482.0","VERNON AUTO, CA","  30.8","24","  23.3","24","1013.7","24","954.6","24","999.9"," 0","  1.9","24","  4.1","999.9","  40.6","*","  23.2","*"," 0.06","G","999.9","000000"
"71115099999","2017-03-09","50.2166666","-119.1833333","482.0","VERNON AUTO, CA","  29.6","24","  22.5","24","1021.2","24","961.6","24","999.9"," 0","  3.2","24","  6.0","999.9","  40.8"," ","  19.9"," "," 0.00","G","999.9","000000"
"71115099999","2017-03-10","50.2166666","-119.1833333","482.0","VERNON AUTO, CA","  32.4","24","  30.7","24","1015.6","24","956.6","24","999.9"," 0","  2.1","24","  5.1","999.9","  38.8","*","  29.8","*"," 0.16","G","999.9","000000"
"71115099999","2017-03-11","50.2166666","-119.1833333","482.0","VERNON AUTO, CA","  33.1","24","  31.6","23","1020.9","24","961.7","24","999.9"," 0","  1.5","24","  4.1","999.9","  40.5"," ","  29.8"," "," 0.00","G","999.9","000000"
"71115099999","2017-03-12","50.2166666","-119.1833333","482.0","VERNON AUTO, CA","  36.7","24","  33.3","24","1018.2","24","959.4","24","999.9"," 0","  3.1","24","  7.0"," 15.9","  52.3","*","  32.4","*"," 0.05","G","999.9","000000"
"71115099999","2017-03-13","50.2166666","-119.1833333","482.0","VERNON AUTO, CA","  37.8","24","  35.6","24","1020.3","24","961.6","24","999.9"," 0","  6.0","24","  8.9","999.9","  53.6"," ","  32.0"," "," 0.04","G","999.9","000000"
"71115099999","2017-03-14","50.2166666","-119.1833333","482.0","VERNON AUTO, CA","  37.0","24","  35.8","24","1014.8","24","956.3","24","999.9"," 0","  5.1","24","  8.9","999.9","  43.3","*","  33.8","*"," 0.17","G","999.9","000000"
"71115099999","2017-03-15","50.2166666","-119.1833333","482.0","VERNON AUTO, CA","  37.4","24","  36.6","24","1010.8","24","952.6","24","999.9"," 0","  5.0","24","  8.9","999.9","  41.2","*","  32.9","*"," 0.01","G","999.9","000000"
"71115099999","2017-03-16","50.2166666","-119.1833333","482.0","VERNON AUTO, CA","  40.2","24","  33.4","23","1013.1","24","955.1","24","999.9"," 0","  4.7","24","  7.0"," 16.9","  51.8","*","  32.5","*"," 0.51","G","999.9","000000"
"71115099999","2017-03-17","50.2166666","-119.1833333","482.0","VERNON AUTO, CA","  36.3","24","  26.6","24","1021.3","24","962.4","24","999.9"," 0","  5.3","24","  9.9"," 15.0","  52.0"," ","  29.3"," "," 0.00","G","999.9","000000"
"71115099999","2017-03-18","50.2166666","-119.1833333","482.0","VERNON AUTO, CA","  37.8","24","  35.4","23","1006.4","24","948.5","24","999.9"," 0","  1.8","24","  2.9","999.9","  53.1","*","  32.9","*"," 0.02","G","999.9","000000"
"71115099999","2017-03-19","50.2166666","-119.1833333","482.0","VERNON AUTO, CA","  39.5","24","  20.5","24","1018.6","24","960.1","24","999.9"," 0","  3.4","24","  8.9"," 18.1","  53.6"," ","  30.2"," "," 0.06","G","999.9","000000"
"71115099999","2017-03-20","50.2166666","-119.1833333","482.0","VERNON AUTO, CA","  35.3","24","  20.1","24","1025.4","24","966.2","24","999.9"," 0","  5.2","24","  8.9","999.9","  49.1"," ","  26.2"," "," 0.00","G","999.9","000000"
"71115099999","2017-03-21","50.2166666","-119.1833333","482.0","VERNON AUTO, CA","  39.7","24","  29.8","24","1014.7","24","956.4","24","999.9"," 0","  2.7","24","  6.0","999.9","  48.6"," ","  26.2"," "," 0.00","G","999.9","000000"
"71115099999","2017-03-22","50.2166666","-119.1833333","482.0","VERNON AUTO, CA","  40.1","24","  37.2","24","1009.1","24","951.2","24","999.9"," 0","  2.5","24","  8.0","999.9","  51.8","*","  33.4","*"," 0.15","G","999.9","000000"
"71115099999","2017-03-23","50.2166666","-119.1833333","482.0","VERNON AUTO, CA","  40.6","24","  33.0","24","1013.8","24","955.7","24","999.9"," 0","  2.4","24","  5.1","999.9","  50.5","*","  31.1","*"," 0.00","G","999.9","000000"
"71115099999","2017-03-24","50.2166666","-119.1833333","482.0","VERNON AUTO, CA","  40.8","24","  32.1","24","1012.6","24","954.6","24","999.9"," 0","  3.8","24","  8.9","999.9","  52.2"," ","  32.0"," "," 0.00","G","999.9","000000"
"71115099999","2017-03-25","50.2166666","-119.1833333","482.0","VERNON AUTO, CA","  40.5","24","  34.8","24","1013.3","24","955.2","24","999.9"," 0","  4.7","24","  7.0"," 15.0","  54.0","*","  34.0","*"," 0.11","G","999.9","000000"
"71115099999","2017-03-26","50.2166666","-119.1833333","482.0","VERNON AUTO, CA","  39.1","24","  28.0","24","1014.0","24","955.8","24","999.9"," 0","  4.6","24","  8.0","999.9","  54.9"," ","  30.7"," "," 0.00","G","999.9","000000"
"71115099999","2017-03-27","50.2166666","-119.1833333","482.0","VERNON AUTO, CA","  41.0","24","  36.0","24","1012.1","24","954.1","24","999.9"," 0","  1.9","24","  6.0","999.9","  51.8","*","  34.7","*"," 0.06","G","999.9","000000"
"71115099999","2017-03-28","50.2166666","-119.1833333","482.0","VERNON AUTO, CA","  42.2","24","  36.6","24","1019.0","24","960.8","24","999.9"," 0","  5.9","24","  9.9","999.9","  54.0"," ","  36.0"," "," 0.03","G","999.9","000000"
"71115099999","2017-03-29","50.2166666","-119.1833333","482.0","VERNON AUTO, CA","  40.5","24","  38.4","24","1015.1","24","956.9","24","999.9"," 0","  5.4","24","  8.9","999.9","  44.1"," ","  37.6"," "," 0.12","G","999.9","000000"
"71115099999","2017-03-30","50.2166666","-119.1833333","482.0","VERNON AUTO, CA","  42.5","24","  38.8","24","1012.3","24","954.5","24","999.9"," 0","  2.7","24","  7.0","999.9","  49.8","*","  38.3","*"," 0.12","G","999.9","000000"
"71115099999","2017-03-31","50.2166666","-119.1833333","482.0","VERNON AUTO, CA","  42.9","24","  34.8","24","1024.2","24","965.8","24","999.9"," 0","  3.6","24","  8.0","999.9","  55.8","*","  33.6","*"," 0.00","G","999.9","000000"
"71115099999","2017-04-01","50.2166666","-119.1833333","482.0","VERNON AUTO, CA","  46.8","24","  38.8","24","1018.1","24","960.3","24","999.9"," 0","  5.2","24"," 12.0","999.9","  57.0"," ","  33.4"," "," 0.15","G","999.9","000000"
"71115099999","2017-04-02","50.2166666","-119.1833333","482.0","VERNON AUTO, CA","  43.2","24","  32.9","24","1018.2","24","960.1","24","999.9"," 0","  3.7","24","  6.0","999.9","  55.6"," ","  36.1"," "," 0.05","G","999.9","000000"
"71115099999","2017-04-03","50.2166666","-119.1833333","482.0","VERNON AUTO, CA","  38.6","24","  27.4","24","1022.0","24","963.3","24","999.9"," 0","  2.3","24","  4.1","999.9","  52.3","*","  28.4","*"," 0.00","G","999.9","000000"
"71115099999","2017-04-04","50.2166666","-119.1833333","482.0","VERNON AUTO, CA","  40.5","24","  26.3","24","1020.3","24","961.8","24","999.9"," 0","  4.8","24","  8.9","999.9","  53.8"," ","  27.7"," "," 0.00","G","999.9","000000"
"71115099999","2017-04-05","50.2166666","-119.1833333","482.0","VERNON AUTO, CA","  45.2","24","  35.6","24","1015.5","24","957.8","24","999.9"," 0","  2.9","24","  7.0","999.9","  54.3"," ","  30.0"," "," 0.02","G","999.9","000000"
"71115099999","2017-04-06","50.2166666","-119.1833333","482.0","VERNON AUTO, CA","  43.5","24","  41.9","24","1009.5","24","952.0","24","999.9"," 0","  2.2","24","  5.1","999.9","  46.8"," ","  40.1"," "," 0.06","G","999.9","000000"
"71115099999","2017-04-07","50.2166666","-119.1833333","482.0","VERNON AUTO, CA","  44.0","24","  41.5","24"," 998.2","24","941.4","24","999.9"," 0","  4.1","24","  7.0","999.9","  53.1","*","  40.8","*"," 0.27","G","999.9","000000"
"71115099999","2017-04-08","50.2166666","-119.1833333","482.0","VERNON AUTO, CA","  45.1","24","  37.2","24","1002.5","24","945.5","24","999.9"," 0","  5.1","24","  8.9"," 15.0","  55.9","*","  36.1","*"," 0.06","G","999.9","000000"
"71115099999","2017-04-09","50.2166666","-119.1833333","482.0","VERNON AUTO, CA","  44.3","24","  35.5","24","1013.9","24","956.2","24","999.9"," 0","  3.6","24"," 12.0","999.9","  57.9"," ","  35.4"," "," 0.00","G","999.9","000000"
"71115099999","2017-04-10","50.2166666","-119.1833333","482.0","VERNON AUTO, CA","  40.1","24","  34.6","24","1016.1","24","957.8","24","999.9"," 0","  7.1","24"," 12.0"," 16.9","  51.3"," ","  32.7"," "," 0.00","G","999.9","000000"
"71115099999","2017-04-11","50.2166666","-119.1833333","482.0","VERNON AUTO, CA","  39.5","24","  34.7","24","1019.7","24","961.2","24","999.9"," 0","  4.3","24","  8.0","999.9","  50.5","*","  32.9","*"," 0.04","G","999.9","000000"
"71115099999","2017-04-12","50.2166666","-119.1833333","482.0","VERNON AUTO, CA","  41.5","24","  33.4","24","1013.8","24","955.8","24","999.9"," 0","  4.5","24","  9.9","999.9","  53.6"," ","  32.5"," "," 0.00","G","999.9","000000"
"71115099999","2017-04-13","50.2166666","-119.1833333","482.0","VERNON AUTO, CA","  42.4","24","  40.1","23","1007.3","24","949.8","24","999.9"," 0","  1.3","24","  4.1","999.9","  52.2","*","  38.3","*"," 0.44","G","999.9","000000"
"71115099999","2017-04-14","50.2166666","-119.1833333","482.0","VERNON AUTO, CA","  43.8","24","  35.2","23","1012.3","24","954.6","24","999.9"," 0","  5.3","24","  8.0","999.9","  54.5","*","  32.9","*"," 0.05","G","999.9","000000"
"71115099999","2017-04-15","50.2166666","-119.1833333","482.0","VERNON AUTO, CA","  47.7","24","  28.1","24","1018.1","24","960.4","24","999.9"," 0","  3.4","24","  7.0","999.9","  55.8"," ","  33.1"," "," 0.00","G","999.9","000000"
"71115099999","2017-04-16","50.2166666","-119.1833333","482.0","VERNON AUTO, CA","  43.5","24","  31.3","24","1020.5","24","962.4","24","999.9"," 0","  4.1","24","  8.0","999.9","  58.3","*","  29.3","*"," 0.00","G","999.9","000000"
"71115099999","2017-04-17","50.2166666","-119.1833333","482.0","VERNON AUTO, CA","  49.5","24","  37.5","24","1010.0","24","953.0","24","999.9"," 0","  3.2","24","  7.0","999.9","  59.2"," ","  31.1"," "," 0.00","G","999.9","000000"
"71115099999","2017-04-18","50.2166666","-119.1833333","482.0","VERNON AUTO, CA","  48.6","24","  43.0","24","1010.7","24","953.6","24","999.9"," 0","  3.9","24","  8.0"," 15.0","  58.5","*","  42.4","*"," 0.29","G","999.9","000000"
"71115099999","2017-04-19","50.2166666","-119.1833333","482.0","VERNON AUTO, CA","  45.7","24","  38.6","24","1017.5","24","959.7","24","999.9"," 0","  5.2","24"," 11.1","999.9","  58.5","*","  36.5","*"," 0.01","G","999.9","000000"
"71115099999","2017-04-20","50.2166666","-119.1833333","482.0","VERNON AUTO, CA","  47.6","24","  40.9","24","1017.1","24","959.5","24","999.9"," 0","  3.6","24","  7.0","999.9","  59.4"," ","  36.9"," "," 0.26","G","999.9","000000"
"71115099999","2017-04-21","50.2166666","-119.1833333","482.0","VERNON AUTO, CA","  47.6","24","  41.4","24","1026.1","24","968.0","24","999.9"," 0","  2.1","24","  6.0","999.9","  58.5","*","  42.3","*"," 0.14","G","999.9","000000"
"71115099999","2017-04-22","50.2166666","-119.1833333","482.0","VERNON AUTO, CA","  48.7","24","  39.1","24","1019.0","24","961.4","24","999.9"," 0","  3.9","24","  8.0","999.9","  59.5"," ","  39.2"," "," 0.00","G","999.9","000000"
"71115099999","2017-04-23","50.2166666","-119.1833333","482.0","VERNON AUTO, CA","  47.4","24","  40.6","23","1010.5","24","953.3","24","999.9"," 0","  3.6","24","  7.0","999.9","  58.8","*","  38.3","*"," 0.03","G","999.9","000000"
"71115099999","2017-04-24","50.2166666","-119.1833333","482.0","VERNON AUTO, CA","  49.4","24","  38.4","24","1004.9","24","948.2","24","999.9"," 0","  3.8","24","  7.0","999.9","  60.1"," ","  37.9"," "," 0.00","G","999.9","000000"
"71115099999","2017-04-25","50.2166666","-119.1833333","482.0","VERNON AUTO, CA","  49.1","24","  35.7","24","1008.9","24","951.9","24","999.9"," 0","  2.6","24","  4.1","999.9","  60.8","*","  39.7","*"," 0.01","G","999.9","000000"
"71115099999","2017-04-26","50.2166666","-119.1833333","482.0","VERNON AUTO, CA","  49.4","24","  40.0","24","1004.6","24","947.9","24","999.9"," 0","  3.6","24","  8.0","999.9","  61.7"," ","  39.7"," "," 0.08","G","999.9","000000"
"71115099999","2017-04-27","50.2166666","-119.1833333","482.0","VERNON AUTO, CA","  47.5","24","  39.4","24","1007.9","24","950.9","24","999.9"," 0","  2.4","24","  4.1","999.9","  61.9"," ","  41.0"," "," 0.12","G","999.9","000000"
"71115099999","2017-04-28","50.2166666","-119.1833333","482.0","VERNON AUTO, CA","  49.3","24","  35.9","24","1018.0","24","960.5","24","999.9"," 0","  2.1","24","  4.1","999.9","  61.5","*","  37.4","*"," 0.02","G","999.9","000000"
"71115099999","2017-04-29","50.2166666","-119.1833333","482.0","VERNON AUTO, CA","  47.7","24","  32.5","24","1021.5","24","963.7","24","999.9"," 0","  3.1","24","  6.0","999.9","  63.0"," ","  35.2"," "," 0.00","G","999.9","000000"
"71115099999","2017-04-30","50.2166666","-119.1833333","482.0","VERNON AUTO, CA","  46.9","24","  37.6","24","1016.4","24","958.8","24","999.9"," 0","  4.5","24","  7.0","999.9","  58.8"," ","  35.2"," "," 0.05","G","999.9","000000"
"71115099999","2017-05-01","50.2166666","-119.1833333","482.0","VERNON AUTO, CA","  46.8","24","  34.3","24","1021.2","24","963.3","24","999.9"," 0","  2.3","24","  4.1","999.9","  59.7"," ","  36.0"," "," 0.01","G","999.9","000000"
"71115099999","2017-05-02","50.2166666","-119.1833333","482.0","VERNON AUTO, CA","  49.0","24","  37.2","24","1020.8","24","963.1","24","999.9"," 0","  2.3","24","  4.1","999.9","  64.2","*","  39.0","*"," 0.01","G","999.9","000000"
"71115099999","2017-05-03","50.2166666","-119.1833333","482.0","VERNON AUTO, CA","  52.0","24","  41.8","24","1021.4","24","964.0","24","999.9"," 0","  5.7","24"," 11.1"," 15.9","  65.3"," ","  38.3"," "," 0.14","G","999.9","000000"
"71115099999","2017-05-04","50.2166666","-119.1833333","482.0","VERNON AUTO, CA","  55.4","24","  49.0","24","1019.3","24","962.3","24","999.9"," 0","  3.2","24","  5.1","999.9","  75.6","*","  47.3","*"," 0.03","G","999.9","000000"
"71115099999","2017-05-05","50.2166666","-119.1833333","482.0","VERNON AUTO, CA","  62.2","24","  55.7","24","1006.0","24","950.4","24","999.9"," 0","  3.0","24","  8.9"," 16.9","  77.0"," ","  46.9"," "," 0.33","G","999.9","000000"
"71115099999","2017-05-06","50.2166666","-119.1833333","482.0","VERNON AUTO, CA","  51.9","24","  42.3","24","1011.7","24","954.9","24","999.9"," 0","  2.0","24","  4.1","999.9","  66.4"," ","  45.1"," "," 0.39","G","999.9","000000"
"71115099999","2017-05-07","50.2166666","-119.1833333","482.0","VERNON AUTO, CA","  50.8","24","  33.2","24","1017.9","24","960.5","24","999.9"," 0","  2.2","24","  5.1","999.9","  62.8","*","  37.9","*"," 0.01","G","999.9","000000"
"71115099999","2017-05-08","50.2166666","-119.1833333","482.0","VERNON AUTO, CA","  49.1","23","  34.4","23","1019.9","23","962.3","23","999.9"," 0","  4.5","23","  8.9","999.9","  63.1"," ","  37.4"," "," 0.00","G","999.9","000000"
"71115099999","2017-05-09","50.2166666","-119.1833333","482.0","VERNON AUTO, CA","  51.3","24","  41.9","24","1018.7","24","961.4","24","999.9"," 0","  2.3","24","  4.1","999.9","  66.0","*","  39.7","*"," 0.00","G","999.9","000000"
"71115099999","2017-05-10","50.2166666","-119.1833333","482.0","VERNON AUTO, CA","  58.5","24","  46.9","24","1012.1","24","955.8","24","999.9"," 0","  3.4","24","  8.9","999.9","  69.6","*","  51.1","*"," 0.00","G","999.9","000000"
"71115099999","2017-05-11","50.2166666","-119.1833333","482.0","VERNON AUTO, CA","  55.6","24","  48.2","24","1010.2","24","953.7","24","999.9"," 0","  3.1","24","  6.0","999.9","  69.6"," ","  47.7"," "," 0.02","G","999.9","000000"
"71115099999","2017-05-12","50.2166666","-119.1833333","482.0","VERNON AUTO, CA","  49.2","24","  44.2","24","1011.3","24","954.3","24","999.9"," 0","  1.8","24","  5.1"," 24.9","  62.2"," ","  44.4"," "," 0.59","G","999.9","000000"
"71115099999","2017-05-13","50.2166666","-119.1833333","482.0","VERNON AUTO, CA","  45.4","24","  37.4","23","1011.6","24","954.2","24","999.9"," 0","  3.6","24","  7.0","999.9","  60.3","*","  34.7","*"," 0.06","G","999.9","000000"
"71115099999","2017-05-14","50.2166666","-119.1833333","482.0","VERNON AUTO, CA","  49.4","24","  39.6","24","1012.0","24","954.8","24","999.9"," 0","  1.9","24","  5.1","999.9","  61.3"," ","  34.7"," "," 0.03","G","999.9","000000"
"71115099999","2017-05-15","50.2166666","-119.1833333","482.0","VERNON AUTO, CA","  47.4","24","  38.2","24","1012.1","24","954.8","24","999.9"," 0","  4.7","24","  8.9"," 15.0","  59.9"," ","  38.5"," "," 0.00","G","999.9","000000"
"71115099999","2017-05-16","50.2166666","-119.1833333","482.0","VERNON AUTO, CA","  45.6","23","  43.0","22","1004.0","23","947.0","23","999.9"," 0","  2.2","23","  8.0","999.9","  56.7"," ","  38.5"," "," 0.16","G","999.9","000000"
"71115099999","2017-05-17","50.2166666","-119.1833333","482.0","VERNON AUTO, CA","  48.8","24","  43.2","23","1011.1","24","953.9","24","999.9"," 0","  1.6","24","  4.1","999.9","  66.7","*","  38.5","*"," 0.11","G","999.9","000000"
"71115099999","2017-05-18","50.2166666","-119.1833333","482.0","VERNON AUTO, CA","  54.7","24","  45.1","24","1018.5","24","961.5","24","999.9"," 0","  3.0","24","  7.0","999.9","  68.9"," ","  38.1"," "," 0.06","G","999.9","000000"
"71115099999","2017-05-19","50.2166666","-119.1833333","482.0","VERNON AUTO, CA","  57.5","24","  45.1","24","1018.0","24","961.3","24","999.9"," 0","  3.5","24","  7.4","999.9","  71.6","*","  45.9","*"," 0.08","G","999.9","000000"
"71115099999","2017-05-20","50.2166666","-119.1833333","482.0","VERNON AUTO, CA","  61.8","24","  45.3","24","1017.5","24","961.2","24","999.9"," 0","  2.5","24","  7.0","999.9","  75.7","*","  51.4","*"," 0.00","G","999.9","000000"
"71115099999","2017-05-21","50.2166666","-119.1833333","482.0","VERNON AUTO, CA","  63.2","24","  43.2","24","1021.5","24","965.1","24","999.9"," 0","  4.3","24","  9.9","999.9","  80.6","*","  48.2","*"," 0.00","G","999.9","000000"
"71115099999","2017-05-22","50.2166666","-119.1833333","482.0","VERNON AUTO, CA","  65.9","24","  45.3","24","1020.9","24","964.8","24","999.9"," 0","  4.0","24","  9.9","999.9","  83.5","*","  50.5","*"," 0.00","G","999.9","000000"
"71115099999","2017-05-23","50.2166666","-119.1833333","482.0","VERNON AUTO, CA","  70.1","24","  44.2","24","1012.8","24","957.5","24","999.9"," 0","  4.4","24","  8.0"," 15.0","  87.1","*","  56.7","*"," 0.00","G","999.9","000000"
"71115099999","2017-05-24","50.2166666","-119.1833333","482.0","VERNON AUTO, CA","  55.7","24","  36.5","24","1006.0","24","949.9","24","999.9"," 0","  4.4","24","  8.9"," 18.1","  83.5","*","  44.2","*"," 0.01","G","999.9","000000"
"71115099999","2017-05-25","50.2166666","-119.1833333","482.0","VERNON AUTO, CA","  53.6","24","  43.7","24","1009.9","24","953.2","24","999.9"," 0","  2.6","24","  7.0"," 15.0","  71.6","*","  42.8","*"," 0.01","G","999.9","000000"
"71115099999","2017-05-26","50.2166666","-119.1833333","482.0","VERNON AUTO, CA","  59.6","24","  42.3","24","1011.9","24","955.7","24","999.9"," 0","  3.6","24","  8.9","999.9","  77.9","*","  45.5","*"," 0.00","G","999.9","000000"
"71115099999","2017-05-27","50.2166666","-119.1833333","482.0","VERNON AUTO, CA","  65.7","24","  44.8","24","1015.7","24","959.8","24","999.9"," 0","  4.1","24","  9.9","999.9","  83.8","*","  50.7","*"," 0.00","G","999.9","000000"
"71115099999","2017-05-28","50.2166666","-119.1833333","482.0","VERNON AUTO, CA","  70.0","24","  46.4","24","1018.1","24","962.5","24","999.9"," 0","  4.5","24","  9.9","999.9","  86.5","*","  54.7","*"," 0.00","G","999.9","000000"
"71115099999","2017-05-29","50.2166666","-119.1833333","482.0","VERNON AUTO, CA","  72.3","24","  46.9","24","1015.8","24","960.5","24","999.9"," 0","  4.8","24"," 11.1","999.9","  88.0"," ","  54.0"," "," 0.00","G","999.9","000000"
"71115099999","2017-05-30","50.2166666","-119.1833333","482.0","VERNON AUTO, CA","  71.9","24","  49.6","24","1010.7","24","955.6","24","999.9"," 0","  3.8","24"," 11.1","999.9","  89.6"," ","  55.9"," "," 0.00","G","999.9","000000"
"71115099999","2017-05-31","50.2166666","-119.1833333","482.0","VERNON AUTO, CA","  68.5","24","  53.7","24","1007.2","24","952.1","24","999.9"," 0","  2.4","24","  6.0","999.9","  86.2","*","  56.3","*"," 0.03","G","999.9","000000"
"71115099999","2017-06-01","50.2166666","-119.1833333","482.0","VERNON AUTO, CA","  61.1","24","  56.2","24","1007.9","24","952.1","24","999.9"," 0","  2.9","24"," 11.1"," 15.9","  71.2","*","  56.5","*"," 0.00","G","999.9","000000"
"71115099999","2017-06-02","50.2166666","-119.1833333","482.0","VERNON AUTO, CA","  57.3","24","  50.3","23","1013.2","24","956.8","24","999.9"," 0","  3.1","24","  8.9","999.9","  74.1","*","  48.7","*"," 0.67","G","999.9","000000"
"71115099999","2017-06-03","50.2166666","-119.1833333","482.0","VERNON AUTO, CA","  62.7","24","  46.2","24","1013.2","24","957.2","24","999.9"," 0","  3.7","24","  8.9"," 15.9","  75.9","*","  50.5","*"," 0.01","G","999.9","000000"
"71115099999","2017-06-04","50.2166666","-119.1833333","482.0","VERNON AUTO, CA","  62.4","24","  44.8","24","1011.4","24","955.5","24","999.9"," 0","  1.7","24","  4.1","999.9","  78.3"," ","  49.5"," "," 0.00","G","999.9","000000"
"71115099999","2017-06-05","50.2166666","-119.1833333","482.0","VERNON AUTO, CA","  60.2","24","  41.3","24","1017.3","24","960.9","24","999.9"," 0","  1.5","24","  2.9","999.9","  75.9","*","  44.1","*"," 0.00","G","999.9","000000"
"71115099999","2017-06-06","50.2166666","-119.1833333","482.0","VERNON AUTO, CA","  65.0","24","  44.0","24","1017.2","24","961.2","24","999.9"," 0","  3.6","24","  9.9","999.9","  81.3","*","  51.6","*"," 0.00","G","999.9","000000"
"71115099999","2017-06-07","50.2166666","-119.1833333","482.0","VERNON AUTO, CA","  68.3","24","  47.8","24","1011.0","24","955.6","24","999.9"," 0","  3.1","24","  7.0","999.9","  83.5","*","  54.9","*"," 0.00","G","999.9","000000"
"71115099999","2017-06-08","50.2166666","-119.1833333","482.0","VERNON AUTO, CA","  70.6","24","  52.0","24","1000.4","24","945.8","24","999.9"," 0","  2.3","24","  7.0"," 15.9","  85.1"," ","  54.3"," "," 0.00","G","999.9","000000"
"71115099999","2017-06-09","50.2166666","-119.1833333","482.0","VERNON AUTO, CA","  58.6","24","  44.3","24","1006.8","24","950.9","24","999.9"," 0","  2.3","24","  9.9"," 18.1","  78.6"," ","  45.3"," "," 0.00","G","999.9","000000"
"71115099999","2017-06-10","50.2166666","-119.1833333","482.0","VERNON AUTO, CA","  56.5","24","  40.6","24","1005.6","24","949.5","24","999.9"," 0","  1.8","24","  4.1","999.9","  71.2"," ","  45.3"," "," 0.00","G","999.9","000000"
"71115099999","2017-06-11","50.2166666","-119.1833333","482.0","VERNON AUTO, CA","  56.3","24","  46.1","24","1012.0","24","955.5","24","999.9"," 0","  1.8","24","  5.1","999.9","  67.6","*","  49.1","*"," 0.01","G","999.9","000000"
"71115099999","2017-06-12","50.2166666","-119.1833333","482.0","VERNON AUTO, CA","  62.0","24","  46.4","24","1010.2","24","954.3","24","999.9"," 0","  4.0","24","  8.9","999.9","  78.4","*","  48.6","*"," 0.00","G","999.9","000000"
"71115099999","2017-06-13","50.2166666","-119.1833333","482.0","VERNON AUTO, CA","  65.7","24","  46.3","24","1008.2","24","952.8","24","999.9"," 0","  2.0","24","  5.1","999.9","  80.4"," ","  48.2"," "," 0.00","G","999.9","000000"
"71115099999","2017-06-14","50.2166666","-119.1833333","482.0","VERNON AUTO, CA","  58.5","17","  41.3","17","1011.5","17","955.3","17","999.9"," 0","  2.2","17","  4.1","999.9","  77.4"," ","  48.9"," "," 0.00","G","999.9","000000"
"71115099999","2017-06-15","50.2166666","-119.1833333","482.0","VERNON AUTO, CA","  56.3","21","  43.2","21","1012.1","18","955.7","18","999.9"," 0","  2.2","21","  6.2","999.9","  68.0","*","  45.5","*"," 0.00","C","999.9","000000"
"71115099999","2017-06-16","50.2166666","-119.1833333","482.0","VERNON AUTO, CA","  59.6","24","  49.1","24","1009.8","24","953.7","24","999.9"," 0","  2.8","24","  6.0","999.9","  72.7","*","  53.4","*"," 0.01","G","999.9","000000"
"71115099999","2017-06-17","50.2166666","-119.1833333","482.0","VERNON AUTO, CA","  58.7","24","  43.9","24","1015.8","24","959.4","24","999.9"," 0","  2.9","24","  7.0"," 15.0","  73.8"," ","  45.7"," "," 0.04","G","999.9","000000"
"71115099999","2017-06-18","50.2166666","-119.1833333","482.0","VERNON AUTO, CA","  62.5","24","  43.8","24","1016.6","24","960.4","24","999.9"," 0","  1.7","24","  4.1","999.9","  73.9","*","  51.1","*"," 0.00","G","999.9","000000"
"71115099999","2017-06-19","50.2166666","-119.1833333","482.0","VERNON AUTO, CA","  63.5","24","  52.0","24","1017.9","24","961.7","24","999.9"," 0","  2.1","24","  8.0","999.9","  74.3"," ","  50.2"," "," 0.00","G","999.9","000000"
"71115099999","2017-06-20","50.2166666","-119.1833333","482.0","VERNON AUTO, CA","  65.4","24","  53.8","24","1013.7","24","957.9","24","999.9"," 0","  2.4","24","  6.0"," 15.9","  80.1","*","  54.0","*"," 0.00","G","999.9","000000"
"71115099999","2017-06-21","50.2166666","-119.1833333","482.0","VERNON AUTO, CA","  64.8","24","  40.2","24","1016.3","24","960.4","24","999.9"," 0","  2.8","24","  7.0"," 18.1","  81.0"," ","  51.6"," "," 0.00","G","999.9","000000"
"71115099999","2017-06-22","50.2166666","-119.1833333","482.0","VERNON AUTO, CA","  59.6","24","  39.3","24","1022.9","24","966.1","24","999.9"," 0","  1.6","24","  2.9","999.9","  74.8","*","  43.7","*"," 0.00","G","999.9","000000"
"71115099999","2017-06-23","50.2166666","-119.1833333","482.0","VERNON AUTO, CA","  62.7","24","  40.2","24","1024.4","24","967.8","24","999.9"," 0","  3.5","24","  8.9","999.9","  80.2","*","  47.3","*"," 0.00","G","999.9","000000"
"71115099999","2017-06-24","50.2166666","-119.1833333","482.0","VERNON AUTO, CA","  68.3","24","  41.1","24","1022.6","24","966.6","24","999.9"," 0","  4.2","24","  8.9","999.9","  87.8","*","  52.7","*"," 0.00","G","999.9","000000"
"71115099999","2017-06-25","50.2166666","-119.1833333","482.0","VERNON AUTO, CA","  73.3","24","  45.7","24","1017.5","24","962.2","24","999.9"," 0","  3.9","24","  8.9","999.9","  89.4","*","  58.1","*"," 0.00","G","999.9","000000"
"71115099999","2017-06-26","50.2166666","-119.1833333","482.0","VERNON AUTO, CA","  75.9","24","  52.2","24","1008.4","24","953.8","24","999.9"," 0","  3.6","24","  9.9"," 15.0","  90.7"," ","  56.1"," "," 0.00","G","999.9","000000"
"71115099999","2017-06-27","50.2166666","-119.1833333","482.0","VERNON AUTO, CA","  70.9","24","  34.5","24","1009.1","24","954.1","24","999.9"," 0","  3.1","24","  7.0","999.9","  90.7"," ","  58.1"," "," 0.00","G","999.9","000000"
"71115099999","2017-06-28","50.2166666","-119.1833333","482.0","VERNON AUTO, CA","  66.2","24","  41.7","24","1009.4","24","954.0","24","999.9"," 0","  3.0","24","  8.0","999.9","  79.7"," ","  52.2"," "," 0.00","G","999.9","000000"
"71115099999","2017-06-29","50.2166666","-119.1833333","482.0","VERNON AUTO, CA","  62.2","24","  50.3","24","1017.4","24","961.2","24","999.9"," 0","  2.9","24","  7.0","999.9","  82.6","*","  49.5","*"," 0.01","G","999.9","000000"
"71115099999","2017-06-30","50.2166666","-119.1833333","482.0","VERNON AUTO, CA","  74.8","17","  50.2","17","1015.6","17","960.5","17","999.9"," 0","  3.2","17","  8.0","999.9","  89.8","*","  58.5","*"," 0.00","G","999.9","000000"
"71115099999","2017-07-01","50.2166666","-119.1833333","482.0","VERNON AUTO, CA","  76.3","24","  52.2","24","1010.6","24","955.9","24","999.9"," 0","  2.0","24","  5.1","999.9","  90.9"," ","  58.3"," "," 0.00","G","999.9","000000"
"71115099999","2017-07-02","50.2166666","-119.1833333","482.0","VERNON AUTO, CA","  74.1","24","  47.2","24","1010.8","24","956.0","24","999.9"," 0","  1.7","24","  4.1","999.9","  91.8","*","  57.9","*"," 0.00","G","999.9","000000"
"71115099999","2017-07-03","50.2166666","-119.1833333","482.0","VERNON AUTO, CA","  74.5","24","  44.5","24","1012.2","24","957.3","24","999.9"," 0","  2.7","24","  6.0","999.9","  93.9"," ","  55.9"," "," 0.00","G","999.9","000000"
"71115099999","2017-07-04","50.2166666","-119.1833333","482.0","VERNON AUTO, CA","  68.6","24","  41.2","24","1014.3","24","958.7","24","999.9"," 0","  2.3","24","  7.0","999.9","  85.8"," ","  52.5"," "," 0.00","G","999.9","000000"
"71115099999","2017-07-05","50.2166666","-119.1833333","482.0","VERNON AUTO, CA","  72.8","24","  42.8","24","1013.1","24","958.0","24","999.9"," 0","  3.2","24","  8.9","999.9","  93.0","*","  57.6","*"," 0.00","G","999.9","000000"
"71115099999","2017-07-06","50.2166666","-119.1833333","482.0","VERNON AUTO, CA","  77.1","24","  44.5","24","1015.9","24","961.0","24","999.9"," 0","  3.1","24","  8.9","999.9","  97.2","*","  61.0","*"," 0.00","G","999.9","000000"
"71115099999","2017-07-07","50.2166666","-119.1833333","482.0","VERNON AUTO, CA","  79.1","24","  50.6","24","1014.8","24","960.2","24","999.9"," 0","  2.5","24","  8.0","999.9","  98.4"," ","  59.5"," "," 0.00","G","999.9","000000"
"71115099999","2017-07-08","50.2166666","-119.1833333","482.0","VERNON AUTO, CA","  74.0","24","  45.5","24","1015.5","24","960.4","24","999.9"," 0","  1.8","24","  2.9","999.9","  94.1"," ","  57.7"," "," 0.00","G","999.9","000000"
"71115099999","2017-07-09","50.2166666","-119.1833333","482.0","VERNON AUTO, CA","  75.0","24","  47.4","24","1012.3","24","957.4","24","999.9"," 0","  2.0","24","  5.1","999.9","  91.8"," ","  57.7"," "," 0.00","G","999.9","000000"
"71115099999","2017-07-10","50.2166666","-119.1833333","482.0","VERNON AUTO, CA","  73.6","24","  48.7","24","1010.2","24","955.4","24","999.9"," 0","  1.6","24","  4.1","999.9","  91.4"," ","  58.8"," "," 0.00","G","999.9","000000"
"71115099999","2017-07-11","50.2166666","-119.1833333","482.0","VERNON AUTO, CA","  72.2","24","  47.2","24","1011.8","24","956.7","24","999.9"," 0","  2.0","24","  4.1","999.9","  82.8","*","  61.9","*"," 0.00","G","999.9","000000"
"71115099999","2017-07-12","50.2166666","-119.1833333","482.0","VERNON AUTO, CA","  72.3","24","  48.1","24","1011.6","24","956.5","24","999.9"," 0","  2.9","24","  6.0","999.9","  88.5","*","  59.7","*"," 0.00","G","999.9","000000"
"71115099999","2017-07-13","50.2166666","-119.1833333","482.0","VERNON AUTO, CA","  73.4","24","  47.8","24","1011.4","24","956.5","24","999.9"," 0","  2.0","24","  4.1","999.9","  88.9"," ","  56.1"," "," 0.00","G","999.9","000000"
"71115099999","2017-07-14","50.2166666","-119.1833333","482.0","VERNON AUTO, CA","  72.0","24","  44.4","24","1016.3","24","961.0","24","999.9"," 0","  2.4","24","  6.0","999.9","  90.1","*","  55.6","*"," 0.00","G","999.9","000000"
"71115099999","2017-07-15","50.2166666","-119.1833333","482.0","VERNON AUTO, CA","  76.1","24","  43.1","24","1013.7","24","958.9","24","999.9"," 0","  2.7","24","  7.0","999.9","  91.9"," ","  54.9"," "," 0.00","G","999.9","000000"
"71115099999","2017-07-16","50.2166666","-119.1833333","482.0","VERNON AUTO, CA","  70.3","24","  40.8","24","1015.0","24","959.6","24","999.9"," 0","  3.4","24","  6.0","999.9","  93.7"," ","  57.9"," "," 0.00","G","999.9","000000"
"71115099999","2017-07-17","50.2166666","-119.1833333","482.0","VERNON AUTO, CA","  63.2","24","  42.1","24","1018.4","24","962.2","24","999.9"," 0","  2.1","24","  4.1","999.9","  79.0"," ","  49.6"," "," 0.00","G","999.9","000000"
"71115099999","2017-07-18","50.2166666","-119.1833333","482.0","VERNON AUTO, CA","  64.6","24","  39.4","24","1016.6","24","960.6","24","999.9"," 0","  2.9","24","  8.9","999.9","  83.7","*","  50.4","*"," 0.00","G","999.9","000000"
"71115099999","2017-07-19","50.2166666","-119.1833333","482.0","VERNON AUTO, CA","  71.5","24","  44.1","24","1013.0","24","957.7","24","999.9"," 0","  3.1","24","  8.0","999.9","  89.4","*","  56.8","*"," 0.00","G","999.9","000000"
"71115099999","2017-07-20","50.2166666","-119.1833333","482.0","VERNON AUTO, CA","  71.4","24","  47.9","24","1011.2","24","956.1","24","999.9"," 0","  1.9","24","  6.0","999.9","  91.9"," ","  55.8"," "," 0.00","G","999.9","000000"
"71115099999","2017-07-21","50.2166666","-119.1833333","482.0","VERNON AUTO, CA","  64.7","24","  46.0","24","1017.3","24","961.3","24","999.9"," 0","  2.1","24","  6.0","999.9","  81.3"," ","  50.7"," "," 0.00","G","999.9","000000"
"71115099999","2017-07-22","50.2166666","-119.1833333","482.0","VERNON AUTO, CA","  67.2","24","  50.8","24","1018.7","24","962.8","24","999.9"," 0","  2.0","24","  6.0","999.9","  80.4","*","  58.6","*"," 0.00","G","999.9","000000"
"71115099999","2017-07-23","50.2166666","-119.1833333","482.0","VERNON AUTO, CA","  74.1","24","  54.8","24","1014.1","24","959.0","24","999.9"," 0","  2.4","24","  6.0","999.9","  87.8","*","  62.6","*"," 0.00","G","999.9","000000"
"71115099999","2017-07-24","50.2166666","-119.1833333","482.0","VERNON AUTO, CA","  63.4","24","  44.1","24","1017.0","24","960.9","24","999.9"," 0","  2.0","24","  7.0"," 16.9","  89.2"," ","  45.7"," "," 0.00","G","999.9","000000"
"71115099999","2017-07-25","50.2166666","-119.1833333","482.0","VERNON AUTO, CA","  66.5","24","  43.5","24","1016.8","24","960.9","24","999.9"," 0","  3.4","24","  7.0","999.9","  85.6","*","  52.0","*"," 0.00","G","999.9","000000"
"71115099999","2017-07-26","50.2166666","-119.1833333","482.0","VERNON AUTO, CA","  72.5","24","  43.3","24","1014.3","24","959.1","24","999.9"," 0","  3.9","24","  8.0","999.9","  93.0","*","  56.1","*"," 0.00","G","999.9","000000"
"71115099999","2017-07-27","50.2166666","-119.1833333","482.0","VERNON AUTO, CA","  76.6","24","  46.1","24","1012.2","24","957.4","24","999.9"," 0","  1.7","24","  4.1","999.9","  94.6"," ","  55.6"," "," 0.00","G","999.9","000000"
"71115099999","2017-07-28","50.2166666","-119.1833333","482.0","VERNON AUTO, CA","  71.0","24","  42.2","24","1013.6","24","958.3","24","999.9"," 0","  2.2","24","  6.0","999.9","  91.4"," ","  53.1"," "," 0.00","G","999.9","000000"
"71115099999","2017-07-29","50.2166666","-119.1833333","482.0","VERNON AUTO, CA","  72.8","24","  45.5","24","1014.2","24","959.0","24","999.9"," 0","  2.0","24","  7.0","999.9","  93.0","*","  56.5","*"," 0.00","G","999.9","000000"
"71115099999","2017-07-30","50.2166666","-119.1833333","482.0","VERNON AUTO, CA","  74.6","24","  46.3","24","1017.5","24","962.3","24","999.9"," 0","  1.6","24","  4.1","999.9","  93.4"," ","  55.6"," "," 0.00","G","999.9","000000"
"71115099999","2017-07-31","50.2166666","-119.1833333","482.0","VERNON AUTO, CA","  71.2","24","  44.3","24","1021.0","24","965.3","24","999.9"," 0","  2.0","24","  4.1","999.9","  89.4"," ","  54.7"," "," 0.00","G","999.9","000000"
"71115099999","2017-08-01","50.2166666","-119.1833333","482.0","VERNON AUTO, CA","  72.6","24","  48.3","24","1021.1","24","965.6","24","999.9"," 0","  1.8","24","  7.0","999.9","  89.1"," ","  54.7"," "," 0.00","G","999.9","000000"
"71115099999","2017-08-02","50.2166666","-119.1833333","482.0","VERNON AUTO, CA","  71.4","24","  45.9","24","1020.8","24","965.2","24","999.9"," 0","  2.8","24","  7.0","999.9","  91.2","*","  55.2","*"," 0.00","G","999.9","000000"
"71115099999","2017-08-03","50.2166666","-119.1833333","482.0","VERNON AUTO, CA","  74.5","24","  42.0","24","1016.9","24","961.7","24","999.9"," 0","  3.5","24","  8.0","999.9","  92.5"," ","  54.9"," "," 0.00","G","999.9","000000"
"71115099999","2017-08-04","50.2166666","-119.1833333","482.0","VERNON AUTO, CA","  74.6","24","  47.2","24","1011.4","24","956.6","24","999.9"," 0","  2.0","24","  4.1","999.9","  91.4","*","  56.3","*"," 0.00","G","999.9","000000"
"71115099999","2017-08-05","50.2166666","-119.1833333","482.0","VERNON AUTO, CA","  73.6","24","  45.8","24","1011.1","24","956.2","24","999.9"," 0","  1.7","24","  5.1","999.9","  91.0"," ","  57.4"," "," 0.00","G","999.9","000000"
"71115099999","2017-08-06","50.2166666","-119.1833333","482.0","VERNON AUTO, CA","  73.6","24","  45.7","24","1012.3","24","957.4","24","999.9"," 0","  3.4","24","  8.0","999.9","  91.2"," ","  57.4"," "," 0.00","G","999.9","000000"
"71115099999","2017-08-07","50.2166666","-119.1833333","482.0","VERNON AUTO, CA","  72.3","24","  48.2","24","1013.7","24","958.6","24","999.9"," 0","  2.5","24","  7.0","999.9","  89.6"," ","  57.9"," "," 0.00","G","999.9","000000"
"71115099999","2017-08-08","50.2166666","-119.1833333","482.0","VERNON AUTO, CA","  69.6","21","  50.5","21","1015.1","21","959.6","21","999.9"," 0","  2.3","21","  6.0","999.9","  88.0","*","  58.5","*"," 0.00","G","999.9","000000"
"71115099999","2017-08-09","50.2166666","-119.1833333","482.0","VERNON AUTO, CA","  70.9","23","  47.2","23","1014.3","23","958.9","23","999.9"," 0","  2.4","23","  7.0","999.9","  89.1"," ","  57.2"," "," 0.00","G","999.9","000000"
"71115099999","2017-08-10","50.2166666","-119.1833333","482.0","VERNON AUTO, CA","  70.0","24","  48.2","24","1014.1","24","958.7","24","999.9"," 0","  2.4","24","  6.0","999.9","  86.7","*","  57.6","*"," 0.00","G","999.9","000000"
"71115099999","2017-08-11","50.2166666","-119.1833333","482.0","VERNON AUTO, CA","  72.2","24","  50.1","24","1012.0","24","956.9","24","999.9"," 0","  2.4","24","  7.0","999.9","  90.5","*","  59.5","*"," 0.00","G","999.9","000000"
"71115099999","2017-08-12","50.2166666","-119.1833333","482.0","VERNON AUTO, CA","  74.9","24","  48.2","24","1007.6","24","953.0","24","999.9"," 0","  3.1","24","  8.0","999.9","  93.0"," ","  58.6"," "," 0.00","G","999.9","000000"
"71115099999","2017-08-13","50.2166666","-119.1833333","482.0","VERNON AUTO, CA","  68.1","24","  56.3","24","1007.2","24","952.0","24","999.9"," 0","  2.7","24","  8.0"," 15.9","  92.7"," ","  59.0"," "," 0.03","G","999.9","000000"
"71115099999","2017-08-14","50.2166666","-119.1833333","482.0","VERNON AUTO, CA","  64.2","24","  45.4","24","1011.7","24","955.9","24","999.9"," 0","  2.2","24","  7.0"," 15.9","  80.2"," ","  52.9"," "," 0.00","G","999.9","000000"
"71115099999","2017-08-15","50.2166666","-119.1833333","482.0","VERNON AUTO, CA","  59.6","21","  45.1","21","1012.4","21","956.2","21","999.9"," 0","  3.4","21","  7.0","999.9","  79.2","*","  47.3","*"," 0.00","G","999.9","000000"
"71115099999","2017-08-16","50.2166666","-119.1833333","482.0","VERNON AUTO, CA","  66.5","24","  46.2","24","1012.4","24","956.7","24","999.9"," 0","  2.1","24","  7.0","999.9","  85.1","*","  52.7","*"," 0.00","G","999.9","000000"
"71115099999","2017-08-17","50.2166666","-119.1833333","482.0","VERNON AUTO, CA","  69.7","24","  48.3","24","1014.3","24","958.9","24","999.9"," 0","  1.9","24","  5.1","999.9","  86.0","*","  54.3","*"," 0.00","G","999.9","000000"
"71115099999","2017-08-18","50.2166666","-119.1833333","482.0","VERNON AUTO, CA","  70.2","24","  48.8","24","1013.7","24","958.3","24","999.9"," 0","  2.4","24","  6.0","999.9","  86.9"," ","  54.1"," "," 0.00","G","999.9","000000"
"71115099999","2017-08-19","50.2166666","-119.1833333","482.0","VERNON AUTO, CA","  68.2","24","  42.7","24","1016.5","24","960.8","24","999.9"," 0","  2.8","24","  8.0","999.9","  85.8"," ","  55.6"," "," 0.00","G","999.9","000000"
"71115099999","2017-08-20","50.2166666","-119.1833333","482.0","VERNON AUTO, CA","  62.4","23","  42.0","23","1017.7","23","961.4","23","999.9"," 0","  2.7","23","  8.9","999.9","  76.6"," ","  51.4"," "," 0.00","G","999.9","000000"
"71115099999","2017-08-21","50.2166666","-119.1833333","482.0","VERNON AUTO, CA","  64.1","24","  49.3","24","1019.8","24","963.6","24","999.9"," 0","  2.6","24","  6.0","999.9","  82.4","*","  52.7","*"," 0.00","G","999.9","000000"
"71115099999","2017-08-22","50.2166666","-119.1833333","482.0","VERNON AUTO, CA","  70.2","24","  48.5","24","1016.6","24","961.0","24","999.9"," 0","  2.8","24","  7.0","999.9","  90.0","*","  55.4","*"," 0.00","G","999.9","000000"
"71115099999","2017-08-23","50.2166666","-119.1833333","482.0","VERNON AUTO, CA","  74.3","24","  50.1","24","1011.2","24","956.3","24","999.9"," 0","  1.5","24","  2.9","999.9","  91.2"," ","  54.9"," "," 0.00","G","999.9","000000"
"71115099999","2017-08-24","50.2166666","-119.1833333","482.0","VERNON AUTO, CA","  72.1","24","  46.6","24","1008.6","24","953.7","24","999.9"," 0","  2.2","24","  6.0","999.9","  91.0"," ","  55.8"," "," 0.00","G","999.9","000000"
"71115099999","2017-08-25","50.2166666","-119.1833333","482.0","VERNON AUTO, CA","  54.5","24","  42.9","24","1017.3","24","960.4","24","999.9"," 0","  1.8","24","  5.1","999.9","  79.0"," ","  42.3"," "," 0.00","G","999.9","000000"
"71115099999","2017-08-26","50.2166666","-119.1833333","482.0","VERNON AUTO, CA","  61.1","24","  41.2","24","1019.9","24","963.3","24","999.9"," 0","  2.7","24","  7.0","999.9","  82.4","*","  47.5","*"," 0.01","G","999.9","000000"
"71115099999","2017-08-27","50.2166666","-119.1833333","482.0","VERNON AUTO, CA","  70.0","24","  45.1","24","1019.0","24","963.3","24","999.9"," 0","  3.4","24","  8.0","999.9","  90.3","*","  54.3","*"," 0.00","G","999.9","000000"
"71115099999","2017-08-28","50.2166666","-119.1833333","482.0","VERNON AUTO, CA","  73.8","24","  49.2","24","1014.9","24","959.7","24","999.9"," 0","  3.0","24","  8.9","999.9","  91.2"," ","  53.4"," "," 0.00","G","999.9","000000"
"71115099999","2017-08-29","50.2166666","-119.1833333","482.0","VERNON AUTO, CA","  73.6","24","  46.0","24","1011.4","24","956.5","24","999.9"," 0","  3.0","24","  8.0","999.9","  89.4","*","  56.3","*"," 0.00","G","999.9","000000"
"71115099999","2017-08-30","50.2166666","-119.1833333","482.0","VERNON AUTO, CA","  71.3","24","  48.3","24","1008.9","24","953.9","24","999.9"," 0","  2.0","24","  8.0","999.9","  88.3"," ","  55.6"," "," 0.00","G","999.9","000000"
"71115099999","2017-08-31","50.2166666","-119.1833333","482.0","VERNON AUTO, CA","  68.3","24","  47.5","24","1012.9","24","957.5","24","999.9"," 0","  1.4","24","  4.1","999.9","  86.7"," ","  54.7"," "," 0.00","G","999.9","000000"
"71115099999","2017-09-01","50.2166666","-119.1833333","482.0","VERNON AUTO, CA","  68.6","24","  45.3","24","1017.0","24","961.3","24","999.9"," 0","  2.0","24","  6.0","999.9","  87.3","*","  56.5","*"," 0.00","G","999.9","000000"
"71115099999","2017-09-02","50.2166666","-119.1833333","482.0","VERNON AUTO, CA","  72.8","24","  46.4","24","1014.4","24","959.2","24","999.9"," 0","  3.3","24","  8.9","999.9","  93.2","*","  59.5","*"," 0.00","G","999.9","000000"
"71115099999","2017-09-03","50.2166666","-119.1833333","482.0","VERNON AUTO, CA","  73.3","24","  51.1","24","1014.6","24","959.5","24","999.9"," 0","  1.7","24","  2.9","999.9","  94.6"," ","  58.1"," "," 0.00","G","999.9","000000"
"71115099999","2017-09-04","50.2166666","-119.1833333","482.0","VERNON AUTO, CA","  72.0","24","  49.7","24","1020.2","24","964.6","24","999.9"," 0","  2.1","24","  6.0","999.9","  90.5"," ","  57.7"," "," 0.00","G","999.9","000000"
"71115099999","2017-09-05","50.2166666","-119.1833333","482.0","VERNON AUTO, CA","  69.9","24","  48.9","24","1019.0","24","963.3","24","999.9"," 0","  2.5","24","  8.0","999.9","  90.5"," ","  57.7"," "," 0.01","G","999.9","000000"
"71115099999","2017-09-06","50.2166666","-119.1833333","482.0","VERNON AUTO, CA","  69.8","24","  53.4","24","1016.3","24","960.8","24","999.9"," 0","  1.8","24","  9.9"," 15.0","  80.8","*","  62.8","*"," 0.00","G","999.9","000000"
"71115099999","2017-09-07","50.2166666","-119.1833333","482.0","VERNON AUTO, CA","  68.5","24","  53.2","24","1011.7","24","956.3","24","999.9"," 0","  2.3","24","  8.9","999.9","  81.3"," ","  58.3"," "," 0.00","G","999.9","000000"
"71115099999","2017-09-08","50.2166666","-119.1833333","482.0","VERNON AUTO, CA","  68.8","24","  55.9","24","1008.4","24","953.2","24","999.9"," 0","  1.5","24","  4.1","999.9","  81.3","*","  59.5","*"," 0.00","G","999.9","000000"
"71115099999","2017-09-09","50.2166666","-119.1833333","482.0","VERNON AUTO, CA","  65.4","24","  59.9","24","1010.5","24","954.9","24","999.9"," 0","  1.8","24","  7.0","999.9","  82.0"," ","  58.6"," "," 0.17","G","999.9","000000"
"71115099999","2017-09-10","50.2166666","-119.1833333","482.0","VERNON AUTO, CA","  58.8","24","  48.5","24","1019.9","24","963.2","24","999.9"," 0","  2.3","24","  6.0","999.9","  73.9","*","  47.7","*"," 0.04","G","999.9","000000"
"71115099999","2017-09-11","50.2166666","-119.1833333","482.0","VERNON AUTO, CA","  61.8","24","  44.8","24","1020.2","24","963.7","24","999.9"," 0","  4.0","24","  8.9"," 15.0","  82.0","*","  50.4","*"," 0.00","G","999.9","000000"
"71115099999","2017-09-12","50.2166666","-119.1833333","482.0","VERNON AUTO, CA","  68.2","24","  49.2","24","1012.7","24","957.2","24","999.9"," 0","  1.5","24","  4.1","999.9","  83.5"," ","  49.5"," "," 0.00","G","999.9","000000"
"71115099999","2017-09-13","50.2166666","-119.1833333","482.0","VERNON AUTO, CA","  60.2","24","  43.6","24","1012.1","24","956.0","24","999.9"," 0","  2.1","24","  5.1","999.9","  73.6"," ","  48.7"," "," 0.00","G","999.9","000000"
"71115099999","2017-09-14","50.2166666","-119.1833333","482.0","VERNON AUTO, CA","  55.1","24","  37.5","24","1015.9","24","959.1","24","999.9"," 0","  2.1","24","  4.1","999.9","  70.9"," ","  40.8"," "," 0.00","G","999.9","000000"
"71115099999","2017-09-15","50.2166666","-119.1833333","482.0","VERNON AUTO, CA","  54.0","24","  33.0","24","1018.6","24","961.6","24","999.9"," 0","  2.6","24","  7.0","999.9","  71.1","*","  40.1","*"," 0.00","G","999.9","000000"
"71115099999","2017-09-16","50.2166666","-119.1833333","482.0","VERNON AUTO, CA","  54.4","24","  30.4","24","1018.0","24","961.0","24","999.9"," 0","  4.8","24","  9.9","999.9","  72.3"," ","  40.1"," "," 0.00","G","999.9","000000"
"71115099999","2017-09-17","50.2166666","-119.1833333","482.0","VERNON AUTO, CA","  55.5","24","  35.6","24","1011.0","24","954.5","24","999.9"," 0","  3.6","24","  9.9","999.9","  71.4"," ","  41.2"," "," 0.00","G","999.9","000000"
"71115099999","2017-09-18","50.2166666","-119.1833333","482.0","VERNON AUTO, CA","  57.1","22","  38.2","22","1004.0","22","948.0","22","999.9"," 0","  2.2","22","  6.0"," 18.1","  68.4"," ","  44.8"," "," 0.00","G","999.9","000000"
"71115099999","2017-09-19","50.2166666","-119.1833333","482.0","VERNON AUTO, CA","  49.5","24","  34.5","24","1004.7","24","948.1","24","999.9"," 0","  3.7","24","  8.9","999.9","  65.3"," ","  36.7"," "," 0.00","G","999.9","000000"
"71115099999","2017-09-20","50.2166666","-119.1833333","482.0","VERNON AUTO, CA","  48.8","24","  37.5","24","1002.9","24","946.2","24","999.9"," 0","  1.6","24","  4.1","999.9","  63.0"," ","  36.7"," "," 0.00","G","999.9","000000"
"71115099999","2017-09-21","50.2166666","-119.1833333","482.0","VERNON AUTO, CA","  49.0","24","  40.7","24","1009.8","24","952.8","24","999.9"," 0","  1.3","24","  2.9","999.9","  62.4","*","  43.5","*"," 0.01","G","999.9","000000"
"71115099999","2017-09-22","50.2166666","-119.1833333","482.0","VERNON AUTO, CA","  53.2","24","  36.5","24","1015.9","24","958.9","24","999.9"," 0","  2.3","24","  5.1","999.9","  65.5","*","  45.7","*"," 0.00","G","999.9","000000"
"71115099999","2017-09-23","50.2166666","-119.1833333","482.0","VERNON AUTO, CA","  51.8","24","  38.5","24","1016.5","24","959.4","24","999.9"," 0","  3.7","24","  8.0","999.9","  66.7"," ","  45.3"," "," 0.00","G","999.9","000000"
"71115099999","2017-09-24","50.2166666","-119.1833333","482.0","VERNON AUTO, CA","  51.1","24","  39.8","24","1019.9","24","962.5","24","999.9"," 0","  3.6","24","  8.0","999.9","  62.8","*","  44.2","*"," 0.00","G","999.9","000000"
"71115099999","2017-09-25","50.2166666","-119.1833333","482.0","VERNON AUTO, CA","  54.3","24","  45.3","24","1018.0","24","960.9","24","999.9"," 0","  2.8","24","  8.0","999.9","  64.2"," ","  44.2"," "," 0.00","G","999.9","000000"
"71115099999","2017-09-26","50.2166666","-119.1833333","482.0","VERNON AUTO, CA","  57.8","24","  50.1","24","1020.5","24","963.7","24","999.9"," 0","  0.8","24","  2.9","999.9","  73.0","*","  50.9","*"," 0.00","G","999.9","000000"
"71115099999","2017-09-27","50.2166666","-119.1833333","482.0","VERNON AUTO, CA","  58.3","24","  45.1","24","1023.1","24","966.2","24","999.9"," 0","  4.1","24","  8.0","999.9","  75.6","*","  46.2","*"," 0.00","G","999.9","000000"
"71115099999","2017-09-28","50.2166666","-119.1833333","482.0","VERNON AUTO, CA","  57.6","18","  45.0","18","1020.4","18","963.4","18","999.9"," 0","  3.5","18","  7.0","999.9","  76.1"," ","  45.5"," "," 0.00","G","999.9","000000"
"71115099999","2017-09-29","50.2166666","-119.1833333","482.0","VERNON AUTO, CA","  66.3","12","  44.1","12","1010.9","12","955.1","12","999.9"," 0","  4.3","12"," 12.8","999.9","  77.4"," ","  46.4"," "," 0.00","G","999.9","000000"
"71115099999","2017-09-30","50.2166666","-119.1833333","482.0","VERNON AUTO, CA","  54.9","24","  44.5","24","1012.1","24","955.5","24","999.9"," 0","  1.7","24","  4.1","999.9","  77.2"," ","  41.4"," "," 0.00","G","999.9","000000"
"71115099999","2017-10-01","50.2166666","-119.1833333","482.0","VERNON AUTO, CA","  47.6","24","  42.9","24","1016.6","24","959.0","24","999.9"," 0","  1.4","24","  4.1","999.9","  63.7"," ","  41.4"," "," 0.16","G","999.9","000000"
"71115099999","2017-10-02","50.2166666","-119.1833333","482.0","VERNON AUTO, CA","  46.7","24","  37.9","24","1021.3","24","963.4","24","999.9"," 0","  2.4","24","  8.9"," 15.9","  58.1"," ","  36.3"," "," 0.00","G","999.9","000000"
"71115099999","2017-10-03","50.2166666","-119.1833333","482.0","VERNON AUTO, CA","  43.3","24","  34.8","24","1028.6","24","969.9","24","999.9"," 0","  4.9","24","  8.0","999.9","  60.4","*","  33.4","*"," 0.03","G","999.9","000000"
"71115099999","2017-10-04","50.2166666","-119.1833333","482.0","VERNON AUTO, CA","  43.5","24","  32.3","24","1027.0","24","968.4","24","999.9"," 0","  3.3","24","  8.9","999.9","  60.4"," ","  31.3"," "," 0.00","G","999.9","000000"
"71115099999","2017-10-05","50.2166666","-119.1833333","482.0","VERNON AUTO, CA","  47.1","24","  35.0","24","1023.4","24","965.4","24","999.9"," 0","  2.9","24","  8.0","999.9","  63.7","*","  35.1","*"," 0.00","G","999.9","000000"
"71115099999","2017-10-06","50.2166666","-119.1833333","482.0","VERNON AUTO, CA","  46.8","24","  34.5","24","1014.2","24","956.7","24","999.9"," 0","  3.8","24","  9.9","999.9","  65.1"," ","  34.7"," "," 0.00","G","999.9","000000"
"71115099999","2017-10-07","50.2166666","-119.1833333","482.0","VERNON AUTO, CA","  49.5","24","  40.3","24","1007.3","24","950.4","24","999.9"," 0","  2.6","24","  8.0"," 18.1","  59.5"," ","  37.6"," "," 0.06","G","999.9","000000"
"71115099999","2017-10-08","50.2166666","-119.1833333","482.0","VERNON AUTO, CA","  44.0","24","  39.1","24","1017.9","24","959.9","24","999.9"," 0","  1.9","24","  6.0","999.9","  56.5"," ","  38.3"," "," 0.15","G","999.9","000000"
"71115099999","2017-10-09","50.2166666","-119.1833333","482.0","VERNON AUTO, CA","  43.2","24","  34.7","24","1024.3","24","965.9","24","999.9"," 0","  4.7","24","  9.9","999.9","  56.5"," ","  35.1"," "," 0.00","G","999.9","000000"
"71115099999","2017-10-10","50.2166666","-119.1833333","482.0","VERNON AUTO, CA","  46.8","24","  37.2","24","1013.0","24","955.6","24","999.9"," 0","  5.5","24","  9.9","999.9","  54.5"," ","  35.1"," "," 0.00","G","999.9","000000"
"71115099999","2017-10-11","50.2166666","-119.1833333","482.0","VERNON AUTO, CA","  42.3","24","  34.6","24","1011.5","24","953.7","24","999.9"," 0","  1.5","24","  5.1","999.9","  51.8","*","  32.9","*"," 0.01","G","999.9","000000"
"71115099999","2017-10-12","50.2166666","-119.1833333","482.0","VERNON AUTO, CA","  39.3","24","  35.7","24","1016.7","24","958.4","24","999.9"," 0","  4.1","24","  8.0","999.9","  51.4"," ","  33.3"," "," 0.09","G","999.9","000000"
"71115099999","2017-10-13","50.2166666","-119.1833333","482.0","VERNON AUTO, CA","  40.5","24","  37.2","24","1017.1","24","958.9","24","999.9"," 0","  2.2","24","  5.1","999.9","  50.0"," ","  34.0"," "," 0.06","G","999.9","000000"
"71115099999","2017-10-14","50.2166666","-119.1833333","482.0","VERNON AUTO, CA","  37.3","24","  31.9","24","1028.4","24","969.2","24","999.9"," 0","  3.3","24","  8.9","999.9","  44.8"," ","  30.9"," "," 0.08","G","999.9","000000"
"71115099999","2017-10-15","50.2166666","-119.1833333","482.0","VERNON AUTO, CA","  43.9","24","  37.9","24","1028.8","24","970.1","24","999.9"," 0","  2.2","24","  8.0","999.9","  56.7","*","  38.3","*"," 0.02","G","999.9","000000"
"71115099999","2017-10-16","50.2166666","-119.1833333","482.0","VERNON AUTO, CA","  47.7","24","  41.6","24","1020.5","24","962.7","24","999.9"," 0","  4.8","24","  8.9","999.9","  57.6"," ","  38.8"," "," 0.00","G","999.9","000000"
"71115099999","2017-10-17","50.2166666","-119.1833333","482.0","VERNON AUTO, CA","  50.2","24","  42.9","24","1009.4","24","952.5","24","999.9"," 0","  4.3","24","  8.9"," 15.9","  56.1","*","  40.5","*"," 0.00","G","999.9","000000"
"71115099999","2017-10-18","50.2166666","-119.1833333","482.0","VERNON AUTO, CA","  40.6","24","  36.7","24","1013.9","24","955.8","24","999.9"," 0","  4.1","24","  8.9","999.9","  59.7"," ","  36.0"," "," 0.19","G","999.9","000000"
"71115099999","2017-10-19","50.2166666","-119.1833333","482.0","VERNON AUTO, CA","  45.0","24","  41.9","23"," 999.7","24","942.8","24","999.9"," 0","  3.4","24","  8.0","999.9","  51.1"," ","  36.0"," "," 0.03","G","999.9","000000"
"71115099999","2017-10-20","50.2166666","-119.1833333","482.0","VERNON AUTO, CA","  47.7","24","  40.6","24"," 997.5","24","941.0","24","999.9"," 0","  4.0","24","  7.0","999.9","  55.6","*","  43.2","*"," 0.04","G","999.9","000000"
"71115099999","2017-10-21","50.2166666","-119.1833333","482.0","VERNON AUTO, CA","  42.1","24","  33.5","24","1009.6","24","952.0","24","999.9"," 0","  2.5","24","  7.0","999.9","  58.6"," ","  33.8"," "," 0.01","G","999.9","000000"
"71115099999","2017-10-22","50.2166666","-119.1833333","482.0","VERNON AUTO, CA","  43.9","24","  36.8","23","1008.2","24","950.7","24","999.9"," 0","  3.6","24","  8.9"," 19.0","  55.9","*","  36.3","*"," 0.40","G","999.9","000000"
"71115099999","2017-10-23","50.2166666","-119.1833333","482.0","VERNON AUTO, CA","  48.0","24","  34.9","24","1031.2","24","972.9","24","999.9"," 0","  3.1","24","  8.9","999.9","  58.3","*","  38.3","*"," 0.00","G","999.9","000000"
"71115099999","2017-10-24","50.2166666","-119.1833333","482.0","VERNON AUTO, CA","  47.5","24","  36.7","24","1036.6","24","977.9","24","999.9"," 0","  3.5","24","  7.0","999.9","  59.7","*","  39.0","*"," 0.00","G","999.9","000000"
"71115099999","2017-10-25","50.2166666","-119.1833333","482.0","VERNON AUTO, CA","  46.2","24","  40.6","24","1019.2","24","961.4","24","999.9"," 0","  3.0","24","  8.0","999.9","  60.6"," ","  38.5"," "," 0.00","G","999.9","000000"
"71115099999","2017-10-26","50.2166666","-119.1833333","482.0","VERNON AUTO, CA","  40.0","24","  37.5","24","1027.1","24","968.3","24","999.9"," 0","  2.5","24","  8.9","999.9","  57.0"," ","  32.4"," "," 0.18","G","999.9","000000"
"71115099999","2017-10-27","50.2166666","-119.1833333","482.0","VERNON AUTO, CA","  39.0","24","  36.2","24","1031.6","24","972.4","24","999.9"," 0","  3.0","24","  6.0","999.9","  53.1"," ","  32.4"," "," 0.00","G","999.9","000000"
"71115099999","2017-10-28","50.2166666","-119.1833333","482.0","VERNON AUTO, CA","  38.1","24","  35.7","24","1025.6","24","966.6","24","999.9"," 0","  1.8","24","  5.1","999.9","  51.6"," ","  30.2"," "," 0.00","G","999.9","000000"
"71115099999","2017-10-29","50.2166666","-119.1833333","482.0","VERNON AUTO, CA","  38.5","24","  36.4","22","1022.3","24","963.6","24","999.9"," 0","  1.6","24","  4.1","999.9","  54.0","*","  29.3","*"," 0.00","G","999.9","000000"
"71115099999","2017-10-30","50.2166666","-119.1833333","482.0","VERNON AUTO, CA","  35.8","24","  29.8","24","1029.7","24","970.2","24","999.9"," 0","  4.3","24","  8.9","999.9","  54.5"," ","  27.1"," "," 0.00","G","999.9","000000"
"71115099999","2017-10-31","50.2166666","-119.1833333","482.0","VERNON AUTO, CA","  34.8","24","  27.3","24","1018.8","24","959.9","24","999.9"," 0","  2.7","24","  6.0","999.9","  48.4"," ","  27.1"," "," 0.00","G","999.9","000000"
"71115099999","2017-11-01","50.2166666","-119.1833333","482.0","VERNON AUTO, CA","  40.5","24","  35.8","24","1005.4","24","947.8","24","999.9"," 0","  1.8","24","  5.1","999.9","  49.5","*","  36.5","*"," 0.05","G","999.9","000000"
"71115099999","2017-11-02","50.2166666","-119.1833333","482.0","VERNON AUTO, CA","  36.1","24","  33.1","21","1007.7","24","949.5","24","999.9"," 0","  1.8","24","  6.0","999.9","  46.0","*","  31.1","*"," 0.28","G","999.9","000000"
"71115099999","2017-11-03","50.2166666","-119.1833333","482.0","VERNON AUTO, CA","  24.9","24","  23.4","24","1016.2","24","956.5","24","999.9"," 0","  2.3","24","  5.1","999.9","  39.7"," ","  20.7"," "," 0.67","G","999.9","000000"
"71115099999","2017-11-04","50.2166666","-119.1833333","482.0","VERNON AUTO, CA","  15.6","24","  13.6","24","1021.4","24","960.3","24","999.9"," 0","  0.8","24","  1.9","999.9","  28.0"," ","  10.6"," "," 0.00","G","999.9","000000"
"71115099999","2017-11-05","50.2166666","-119.1833333","482.0","VERNON AUTO, CA","  17.8","24","  15.4","24","1019.2","24","958.5","24","999.9"," 0","  0.9","24","  1.9","999.9","  25.7","*","  12.2","*"," 0.01","G","999.9","000000"
"71115099999","2017-11-06","50.2166666","-119.1833333","482.0","VERNON AUTO, CA","  13.7","24","  11.0","23","1027.5","24","965.8","24","999.9"," 0","  1.1","24","  1.9","999.9","  27.5"," ","   2.5"," "," 0.21","G","999.9","000000"
"71115099999","2017-11-07","50.2166666","-119.1833333","482.0","VERNON AUTO, CA","  17.9","24","  15.2","24","1032.7","24","971.2","24","999.9"," 0","  3.6","24","  7.0","999.9","  27.1"," ","   2.5"," "," 0.00","G","999.9","000000"
"71115099999","2017-11-08","50.2166666","-119.1833333","482.0","VERNON AUTO, CA","  25.2","24","  23.2","24","1025.0","24","964.7","24","999.9"," 0","  1.3","24","  5.1","999.9","  30.7","*","  20.7","*"," 0.00","G","999.9","000000"
"71115099999","2017-11-09","50.2166666","-119.1833333","482.0","VERNON AUTO, CA","  28.7","24","  27.3","22","1014.7","24","955.4","24","999.9"," 0","  1.6","24","  6.0","999.9","  31.8","*","  25.9","*"," 0.06","G","999.9","000000"
"71115099999","2017-11-10","50.2166666","-119.1833333","482.0","VERNON AUTO, CA","  32.8","24","  32.4","19","1012.7","24","953.9","24","999.9"," 0","  1.8","24","  6.0","999.9","  36.7","*","  31.3","*"," 0.44","G","999.9","000000"
"71115099999","2017-11-11","50.2166666","-119.1833333","482.0","VERNON AUTO, CA","  34.6","24","  33.6","24","1018.9","24","959.9","24","999.9"," 0","  1.1","24","  6.0","999.9","  37.8"," ","  31.5"," "," 0.00","G","999.9","000000"
"71115099999","2017-11-12","50.2166666","-119.1833333","482.0","VERNON AUTO, CA","  35.5","24","  34.5","23","1018.7","24","959.9","24","999.9"," 0","  1.4","24","  2.9","999.9","  39.2","*","  33.6","*"," 0.00","G","999.9","000000"
"71115099999","2017-11-13","50.2166666","-119.1833333","482.0","VERNON AUTO, CA","  37.7","24","  36.1","24","1008.8","24","950.7","24","999.9"," 0","  2.5","24","  6.0","999.9","  44.6","*","  34.3","*"," 0.08","G","999.9","000000"
"71115099999","2017-11-14","50.2166666","-119.1833333","482.0","VERNON AUTO, CA","  38.4","24","  35.7","24","1011.5","24","953.3","24","999.9"," 0","  3.7","24","  7.0","999.9","  46.0"," ","  34.2"," "," 0.02","G","999.9","000000"
"71115099999","2017-11-15","50.2166666","-119.1833333","482.0","VERNON AUTO, CA","  42.1","24","  33.7","24","1009.1","24","951.4","24","999.9"," 0","  4.3","24","  8.0","999.9","  46.4"," ","  35.1"," "," 0.00","G","999.9","000000"
"71115099999","2017-11-16","50.2166666","-119.1833333","482.0","VERNON AUTO, CA","  38.4","24","  34.8","24"," 999.5","24","942.1","24","999.9"," 0","  2.9","24","  6.0","999.9","  46.2","*","  34.2","*"," 0.06","G","999.9","000000"
"71115099999","2017-11-17","50.2166666","-119.1833333","482.0","VERNON AUTO, CA","  37.0","24","  31.6","24","1006.1","24","948.2","24","999.9"," 0","  2.5","24","  6.0","999.9","  48.2"," ","  32.0"," "," 0.02","G","999.9","000000"
"71115099999","2017-11-18","50.2166666","-119.1833333","482.0","VERNON AUTO, CA","  37.5","24","  29.3","24","1021.8","24","963.0","24","999.9"," 0","  3.4","24","  8.0","999.9","  45.3"," ","  32.0"," "," 0.00","G","999.9","000000"
"71115099999","2017-11-19","50.2166666","-119.1833333","482.0","VERNON AUTO, CA","  39.1","24","  31.0","24","1013.6","24","955.4","24","999.9"," 0","  2.6","24","  7.0","999.9","  43.5"," ","  34.9"," "," 0.00","G","999.9","000000"
"71115099999","2017-11-20","50.2166666","-119.1833333","482.0","VERNON AUTO, CA","  39.3","24","  33.1","24","1003.5","24","945.9","24","999.9"," 0","  2.0","24","  5.1","999.9","  43.5"," ","  36.5"," "," 0.00","G","999.9","000000"
"71115099999","2017-11-21","50.2166666","-119.1833333","482.0","VERNON AUTO, CA","  37.5","24","  35.9","23","1018.8","24","960.2","24","999.9"," 0","  1.4","24","  4.1","999.9","  40.5","*","  34.7","*"," 0.01","G","999.9","000000"
"71115099999","2017-11-22","50.2166666","-119.1833333","482.0","VERNON AUTO, CA","  39.3","24","  38.3","24","1017.6","24","959.2","24","999.9"," 0","  3.1","24","  6.0","999.9","  45.3","*","  35.8","*"," 0.26","G","999.9","000000"
"71115099999","2017-11-23","50.2166666","-119.1833333","482.0","VERNON AUTO, CA","  43.5","24","  41.3","23","1007.7","24","950.2","24","999.9"," 0","  3.6","24","  6.0","999.9","  50.4","*","  39.0","*"," 0.13","G","999.9","000000"
"71115099999","2017-11-24","50.2166666","-119.1833333","482.0","VERNON AUTO, CA","  41.5","24","  33.4","24","1010.5","24","952.7","24","999.9"," 0","  3.2","24","  8.0"," 15.9","  51.8"," ","  36.7"," "," 0.00","G","999.9","000000"
"71115099999","2017-11-25","50.2166666","-119.1833333","482.0","VERNON AUTO, CA","  40.4","24","  34.5","24","1017.3","24","959.0","24","999.9"," 0","  2.1","24","  5.1","999.9","  46.8"," ","  36.7"," "," 0.00","G","999.9","000000"
"71115099999","2017-11-26","50.2166666","-119.1833333","482.0","VERNON AUTO, CA","  41.9","16","  36.8","16","1006.7","16","949.2","16","999.9"," 0","  3.3","16","  7.0","999.9","  50.0","*","  34.9","*"," 0.06","G","999.9","000000"
"71115099999","2017-11-27","50.2166666","-119.1833333","482.0","VERNON AUTO, CA","  44.0","24","  26.8","24","1006.3","24","949.0","24","999.9"," 0","  4.8","24","  8.0"," 16.9","  50.2"," ","  34.3"," "," 0.02","G","999.9","000000"
"71115099999","2017-11-28","50.2166666","-119.1833333","482.0","VERNON AUTO, CA","  37.3","24","  27.7","24","1015.9","24","957.5","24","999.9"," 0","  3.9","24","  8.0","999.9","  48.0"," ","  33.1"," "," 0.00","G","999.9","000000"
"71115099999","2017-11-29","50.2166666","-119.1833333","482.0","VERNON AUTO, CA","  33.8","24","  31.7","24","1020.1","24","961.0","24","999.9"," 0","  3.6","24","  8.0","999.9","  42.3"," ","  28.2"," "," 0.01","G","999.9","000000"
"71115099999","2017-11-30","50.2166666","-119.1833333","482.0","VERNON AUTO, CA","  34.8","24","  32.8","24","1023.0","24","963.8","24","999.9"," 0","  3.1","24","  7.0","999.9","  39.9"," ","  28.2"," "," 0.08","G","999.9","000000"
"71115099999","2017-12-01","50.2166666","-119.1833333","482.0","VERNON AUTO, CA","  33.9","24","  32.5","23","1017.1","24","958.2","24","999.9"," 0","  2.9","24","  6.0","999.9","  39.6","*","  29.3","*"," 0.05","G","999.9","000000"
"71115099999","2017-12-02","50.2166666","-119.1833333","482.0","VERNON AUTO, CA","  33.4","24","  31.1","24","1014.3","24","955.5","24","999.9"," 0","  1.4","24","  2.9","999.9","  40.3"," ","  29.1"," "," 0.01","G","999.9","000000"
"71115099999","2017-12-03","50.2166666","-119.1833333","482.0","VERNON AUTO, CA","  32.7","24","  30.5","22","1015.0","24","956.0","24","999.9"," 0","  1.1","24","  2.9","999.9","  37.2"," ","  29.1"," "," 0.14","G","999.9","000000"
"71115099999","2017-12-04","50.2166666","-119.1833333","482.0","VERNON AUTO, CA","  28.6","24","  24.3","24","1030.4","24","970.2","24","999.9"," 0","  1.3","24","  2.9","999.9","  37.6"," ","  23.7"," "," 0.02","G","999.9","000000"
"71115099999","2017-12-05","50.2166666","-119.1833333","482.0","VERNON AUTO, CA","  29.8","24","  26.8","24","1037.6","24","977.1","24","999.9"," 0","  1.2","24","  2.9","999.9","  33.6"," ","  23.7"," "," 0.00","G","999.9","000000"
"71115099999","2017-12-06","50.2166666","-119.1833333","482.0","VERNON AUTO, CA","  31.3","24","  28.9","24","1045.1","24","984.3","24","999.9"," 0","  3.5","24","  7.0","999.9","  33.6","*","  30.0","*"," 0.00","G","999.9","000000"
"71115099999","2017-12-07","50.2166666","-119.1833333","482.0","VERNON AUTO, CA","  32.5","24","  29.5","24","1044.5","24","983.8","24","999.9"," 0","  2.9","24","  5.1","999.9","  33.8"," ","  29.7"," "," 0.00","G","999.9","000000"
"71115099999","2017-12-08","50.2166666","-119.1833333","482.0","VERNON AUTO, CA","  30.2","24","  25.1","24","1042.5","24","981.7","24","999.9"," 0","  4.6","24","  7.0","999.9","  33.6"," ","  27.9"," "," 0.00","G","999.9","000000"
"71115099999","2017-12-09","50.2166666","-119.1833333","482.0","VERNON AUTO, CA","  28.4","24","  22.2","24","1040.3","24","979.4","24","999.9"," 0","  2.9","24","  4.1","999.9","  31.3"," ","  26.8"," "," 0.00","G","999.9","000000"
"71115099999","2017-12-10","50.2166666","-119.1833333","482.0","VERNON AUTO, CA","  27.5","24","  23.2","24","1040.0","24","979.1","24","999.9"," 0","  3.6","24","  6.0","999.9","  33.1","*","  24.4","*"," 0.00","G","999.9","000000"
"71115099999","2017-12-11","50.2166666","-119.1833333","482.0","VERNON AUTO, CA","  28.1","24","  24.2","24","1039.2","24","978.4","24","999.9"," 0","  4.1","24","  6.0","999.9","  35.2"," ","  24.1"," "," 0.00","G","999.9","000000"
"71115099999","2017-12-12","50.2166666","-119.1833333","482.0","VERNON AUTO, CA","  27.8","24","  24.3","24","1036.4","24","975.7","24","999.9"," 0","  4.0","24","  7.0","999.9","  34.3","*","  24.1","*"," 0.00","G","999.9","000000"
"71115099999","2017-12-13","50.2166666","-119.1833333","482.0","VERNON AUTO, CA","  29.8","24","  27.4","24","1036.4","24","975.9","24","999.9"," 0","  1.3","24","  2.9","999.9","  35.2"," ","  24.3"," "," 0.04","G","999.9","000000"
"71115099999","2017-12-14","50.2166666","-119.1833333","482.0","VERNON AUTO, CA","  31.8","24","  29.6","23","1035.5","24","975.3","24","999.9"," 0","  1.5","24","  5.1","999.9","  34.3","*","  29.3","*"," 0.00","G","999.9","000000"
"71115099999","2017-12-15","50.2166666","-119.1833333","482.0","VERNON AUTO, CA","  32.6","24","  30.3","24","1024.1","24","964.7","24","999.9"," 0","  1.6","24","  4.1","999.9","  34.7","*","  31.1","*"," 0.00","G","999.9","000000"
"71115099999","2017-12-16","50.2166666","-119.1833333","482.0","VERNON AUTO, CA","  30.9","24","  28.4","23","1023.6","24","964.0","24","999.9"," 0","  1.9","24","  4.1","999.9","  34.9"," ","  26.8"," "," 0.00","G","999.9","000000"
"71115099999","2017-12-17","50.2166666","-119.1833333","482.0","VERNON AUTO, CA","  31.3","24","  29.8","24","1019.6","24","960.2","24","999.9"," 0","  1.4","24","  4.1","999.9","  33.4","*","  30.4","*"," 0.11","G","999.9","000000"
"71115099999","2017-12-18","50.2166666","-119.1833333","482.0","VERNON AUTO, CA","  32.7","24","  32.4","22","1013.3","24","954.5","24","999.9"," 0","  1.1","24","  2.9","999.9","  35.2","*","  30.6","*"," 0.31","G","999.9","000000"
"71115099999","2017-12-19","50.2166666","-119.1833333","482.0","VERNON AUTO, CA","  31.0","24","  30.4","23","1014.7","24","955.6","24","999.9"," 0","  2.5","24","  4.1","999.9","  32.4","*","  29.3","*"," 0.09","G","999.9","000000"
"71115099999","2017-12-20","50.2166666","-119.1833333","482.0","VERNON AUTO, CA","  27.4","24","  25.6","23","1013.9","24","954.5","24","999.9"," 0","  2.2","24","  6.0","999.9","  30.6","*","  21.4","*"," 0.34","G","999.9","000000"
"71115099999","2017-12-21","50.2166666","-119.1833333","482.0","VERNON AUTO, CA","  15.3","24","  12.9","24","1030.8","24","969.1","24","999.9"," 0","  3.2","24","  8.0","999.9","  30.6"," ","   9.1"," "," 0.00","G","999.9","000000"
"71115099999","2017-12-22","50.2166666","-119.1833333","482.0","VERNON AUTO, CA","  21.7","24","  19.7","23","1027.5","24","966.6","24","999.9"," 0","  1.4","24","  2.9","999.9","  25.0","*","  19.9","*"," 0.00","G","999.9","000000"
"71115099999","2017-12-23","50.2166666","-119.1833333","482.0","VERNON AUTO, CA","  19.0","24","  12.3","24","1035.6","24","974.1","24","999.9"," 0","  2.6","24","  6.0","999.9","  25.3"," ","  14.7"," "," 0.00","G","999.9","000000"
"71115099999","2017-12-24","50.2166666","-119.1833333","482.0","VERNON AUTO, CA","   4.6","24","   0.4","24","1038.8","24","975.5","24","999.9"," 0","  3.8","24","  8.0","999.9","  21.7"," ","  -0.0"," "," 0.01","G","999.9","000000"
"71115099999","2017-12-25","50.2166666","-119.1833333","482.0","VERNON AUTO, CA","   7.3","24","   3.7","24","1031.8","24","969.1","24","999.9"," 0","  3.5","24","  6.0","999.9","  14.2","*","   2.7","*"," 0.00","G","999.9","000000"
"71115099999","2017-12-26","50.2166666","-119.1833333","482.0","VERNON AUTO, CA","  10.5","24","   5.0","24","1034.7","24","972.2","24","999.9"," 0","  4.5","24","  7.0","999.9","  14.2"," ","   3.2"," "," 0.00","G","999.9","000000"
"71115099999","2017-12-27","50.2166666","-119.1833333","482.0","VERNON AUTO, CA","  13.5","24","   9.6","24","1029.4","24","967.6","24","999.9"," 0","  4.0","24","  7.0","999.9","  18.5","*","  11.8","*"," 0.00","G","999.9","000000"
"71115099999","2017-12-28","50.2166666","-119.1833333","482.0","VERNON AUTO, CA","  16.5","24","  15.2","24","1027.7","24","966.3","24","999.9"," 0","  0.3","24","  1.9","999.9","  19.0","*","  14.7","*"," 0.00","G","999.9","000000"
"71115099999","2017-12-29","50.2166666","-119.1833333","482.0","VERNON AUTO, CA","  19.1","24","  17.3","23","1022.2","24","961.4","24","999.9"," 0","  1.8","24","  6.0","999.9","  20.3","*","  17.8","*"," 0.00","G","999.9","000000"
"71115099999","2017-12-30","50.2166666","-119.1833333","482.0","VERNON AUTO, CA","  17.6","24","  13.0","24","1018.5","24","957.8","24","999.9"," 0","  2.1","24","  5.1","999.9","  20.5","*","  16.3","*"," 0.00","G","999.9","000000"
"71115099999","2017-12-31","50.2166666","-119.1833333","482.0","VERNON AUTO, CA","   8.9","24","   5.7","24","1035.9","24","973.2","24","999.9"," 0","  2.2","24","  7.0","999.9","  20.7"," ","  -1.1"," "," 0.00","G","999.9","000000"
